Cabinet,Dept,Program   ,Expense Category,FY20 Actual Expense,FY21 Actual Expense,FY22 Appropriation,FY23 Adopted,,,,
Mayors Cabinet,Mayor's Office,Mayor's Administration,Personnel Services,"1,887,992","1,820,538","1,760,179","1,584,054",,,,
Mayors Cabinet,Mayor's Office,Mayor's Administration,Contractual Services,"111,577","127,558","99,314","99,314",,,,
Mayors Cabinet,Mayor's Office,Mayor's Administration,Supplies & Materials,"55,384","27,318","44,938","44,938",,,,
Mayors Cabinet,Mayor's Office,Mayor's Administration,Current Charges & Obligations,"12,782","11,366","29,630","29,630",,,,
Mayors Cabinet,Mayor's Office,Mayor's Administration,Equipment,"21,629","39,041","24,900","24,900",,,,
Mayors Cabinet,Mayor's Office,Mayor's Executive,Personnel Services,"441,266","403,120","455,771","377,948",,,,
Mayors Cabinet,Mayor's Office,Mayor's Executive,Contractual Services,#Missing,-25,#Missing,#Missing,,,,
Mayors Cabinet,Mayor's Office,Mayor's Policy & Planning,Personnel Services,"1,515,285","1,603,125","1,323,898","1,916,580",,,,
Mayors Cabinet,Mayor's Office,Mayor's Policy & Planning,Contractual Services,"133,467","207,821","389,079","389,079",,,,
Mayors Cabinet,Mayor's Office,New Urban Mechanics,Personnel Services,"347,067","416,899","487,357","604,730",,,,
Mayors Cabinet,Mayor's Office,New Urban Mechanics,Contractual Services,"34,367","16,083","28,800","28,800",,,,
Mayors Cabinet,Mayor's Office,New Urban Mechanics,Supplies & Materials,"2,526","2,187","5,961","5,961",,,,
Mayors Cabinet,Mayor's Office,New Urban Mechanics,Current Charges & Obligations,721,"5,857","6,400","6,400",,,,
Mayors Cabinet,Mayor's Office,New Urban Mechanics,Equipment,172,"34,717",100,100,,,,
Mayors Cabinet,Mayor's Office,Mayor's Communications,Personnel Services,"510,181","708,665","767,254","1,028,638",,,,
Mayors Cabinet,Mayor's Office,Mayor's Communications,Contractual Services,"38,880",295,#Missing,0,,,,
Mayors Cabinet,Mayor's Office,Mayor's Communications,Current Charges & Obligations,382,#Missing,"7,038","7,038",,,,
Mayors Cabinet,Election Department,Election Administration,Personnel Services,"592,068","654,702","704,139","745,758",,,,
Mayors Cabinet,Election Department,Election Administration,Contractual Services,"130,318","157,387","118,950","125,660",,,,
Mayors Cabinet,Election Department,Election Administration,Supplies & Materials,"41,961","81,519","50,818","55,056",,,,
Mayors Cabinet,Election Department,Election Administration,Current Charges & Obligations,#Missing,912,"3,200","3,200",,,,
Mayors Cabinet,Election Department,Election Administration,Equipment,"336,795","330,520","359,053","386,676",,,,
Mayors Cabinet,Election Department,Voter Registration,Personnel Services,"386,259","320,187","411,058","365,577",,,,
Mayors Cabinet,Election Department,Voter Registration,Contractual Services,516,304,600,600,,,,
Mayors Cabinet,Election Department,Voter Registration,Supplies & Materials,"26,775","78,618","25,500","25,500",,,,
Mayors Cabinet,Election Department,Election Activities,Personnel Services,"1,916,559","2,064,304","2,176,966","2,445,298",,,,
Mayors Cabinet,Election Department,Election Activities,Contractual Services,"366,882","299,215","778,900","565,900",,,,
Mayors Cabinet,Election Department,Election Activities,Supplies & Materials,"212,011","185,343","926,500","1,183,800",,,,
Mayors Cabinet,Election Department,Election Activities,Current Charges & Obligations,"105,623","103,795","155,500","155,500",,,,
Mayors Cabinet,Election Department,Election Activities,Equipment,#Missing,"12,657",0,"30,000",,,,
Mayors Cabinet,Listing Board,Annual Listing,Personnel Services,"298,415","260,843","360,916","404,066",,,,
Mayors Cabinet,Listing Board,Annual Listing,Contractual Services,"26,943","11,585","36,550","51,897",,,,
Mayors Cabinet,Listing Board,Annual Listing,Supplies & Materials,"206,775","223,618","241,350","270,000",,,,
Mayors Cabinet,Intergovernmental Relations,IGR,Personnel Services,"826,923","807,261","916,422","1,045,363",,,,
Mayors Cabinet,Intergovernmental Relations,IGR,Contractual Services,"246,676","171,102","187,299","192,299",,,,
Mayors Cabinet,Intergovernmental Relations,IGR,Supplies & Materials,"51,361","2,329","6,200","6,200",,,,
Mayors Cabinet,Intergovernmental Relations,IGR,Current Charges & Obligations,"189,473","191,807","192,717","192,717",,,,
Mayors Cabinet,Intergovernmental Relations,Grants Administration,Personnel Services,"108,206","109,716","111,873","113,457",,,,
Mayors Cabinet,Intergovernmental Relations,Grants Administration,Contractual Services,234,-25,#Missing,#Missing,,,,
Mayors Cabinet,Intergovernmental Relations,Grants Administration,Current Charges & Obligations,330,330,330,330,,,,
Mayors Cabinet,Law Department,Law Operations,Personnel Services,"1,111,480","939,653","1,011,617","1,244,985",,,,
Mayors Cabinet,Law Department,Law Operations,Contractual Services,"495,235","246,144","361,225","369,425",,,,
Mayors Cabinet,Law Department,Law Operations,Supplies & Materials,"14,208","10,528","13,975","16,375",,,,
Mayors Cabinet,Law Department,Law Operations,Current Charges & Obligations,"53,253","61,167","35,635","33,000",,,,
Mayors Cabinet,Law Department,Law Operations,Equipment,"73,150",#Missing,#Missing,"4,228",,,,
Mayors Cabinet,Law Department,Litigation,Personnel Services,"902,263","1,165,592","1,231,040","1,504,899",,,,
Mayors Cabinet,Law Department,Litigation,Contractual Services,"1,853,713","1,900,051","1,589,225","1,665,800",,,,
Mayors Cabinet,Law Department,Litigation,Supplies & Materials,#Missing,52,"2,000","2,000",,,,
Mayors Cabinet,Law Department,Litigation,Current Charges & Obligations,"79,896","28,207","39,809","37,000",,,,
Mayors Cabinet,Law Department,Government Services,Personnel Services,"3,048,373","3,107,261","3,698,055","4,682,448",,,,
Mayors Cabinet,Law Department,Government Services,Contractual Services,"38,859","20,822","169,755","150,700",,,,
Mayors Cabinet,Law Department,Government Services,Supplies & Materials,"1,256",728,"1,000","2,000",,,,
Mayors Cabinet,Law Department,Government Services,Current Charges & Obligations,"25,163","22,750","82,867","60,500",,,,
Equity & Inclusion Cabinet,Office of Equity,Equity,Personnel Services,#Missing,#Missing,"522,522","1,236,554",,,,
Equity & Inclusion Cabinet,Office of Equity,Equity,Contractual Services,#Missing,#Missing,"4,460","106,620",,,,
Equity & Inclusion Cabinet,Office of Equity,Equity,Supplies & Materials,#Missing,#Missing,"1,000","10,500",,,,
Equity & Inclusion Cabinet,Office of Equity,Equity,Current Charges & Obligations,#Missing,#Missing,"1,500","11,000",,,,
Equity & Inclusion Cabinet,Office of Equity,Equity,Equipment,#Missing,#Missing,#Missing,"6,000",,,,
Equity & Inclusion Cabinet,Office of Equity,Equity & Inclusion,Personnel Services,#Missing,#Missing,"2,320,448",0,,,,
Equity & Inclusion Cabinet,Office of Equity,Equity & Inclusion,Contractual Services,#Missing,#Missing,"1,491,674",#Missing,,,,
Equity & Inclusion Cabinet,Office of Equity,Equity & Inclusion,Supplies & Materials,#Missing,#Missing,"3,730",#Missing,,,,
Equity & Inclusion Cabinet,Office of Equity,Equity & Inclusion,Current Charges & Obligations,#Missing,#Missing,"1,000",#Missing,,,,
Equity & Inclusion Cabinet,Office of Diversity,Diversity,Personnel Services,#Missing,#Missing,"254,633",#Missing,,,,
Equity & Inclusion Cabinet,Office of Diversity,Diversity,Contractual Services,#Missing,#Missing,"92,160",#Missing,,,,
Equity & Inclusion Cabinet,Office of Diversity,Diversity,Supplies & Materials,#Missing,#Missing,"7,874",#Missing,,,,
Equity & Inclusion Cabinet,Office of Resiliency & Racial Equity,MORRE,Personnel Services,#Missing,#Missing,"275,287","284,316",,,,
Equity & Inclusion Cabinet,Office of Resiliency & Racial Equity,MORRE,Contractual Services,#Missing,#Missing,"1,375,700","842,160",,,,
Equity & Inclusion Cabinet,Office of Resiliency & Racial Equity,MORRE,Supplies & Materials,#Missing,#Missing,250,250,,,,
Equity & Inclusion Cabinet,Office of Resiliency & Racial Equity,MORRE,Current Charges & Obligations,#Missing,#Missing,155,155,,,,
Equity & Inclusion Cabinet,Office of Language & Communications Access,LCA,Personnel Services,#Missing,#Missing,"269,382","748,081",,,,
Equity & Inclusion Cabinet,Office of Language & Communications Access,LCA,Contractual Services,#Missing,#Missing,"897,585","1,048,551",,,,
Equity & Inclusion Cabinet,Office of Language & Communications Access,LCA,Supplies & Materials,#Missing,#Missing,"3,000","1,936",,,,
Equity & Inclusion Cabinet,Office of Language & Communications Access,LCA,Current Charges & Obligations,#Missing,#Missing,#Missing,"5,670",,,,
Equity & Inclusion Cabinet,Office of Language & Communications Access,LCA,Equipment,#Missing,#Missing,#Missing,"44,428",,,,
Equity & Inclusion Cabinet,Human Right Commission,Human Rights,Personnel Services,#Missing,"182,642","455,452","484,546",,,,
Equity & Inclusion Cabinet,Human Right Commission,Human Rights,Contractual Services,#Missing,"11,170","135,400","134,500",,,,
Equity & Inclusion Cabinet,Human Right Commission,Human Rights,Supplies & Materials,#Missing,#Missing,"1,000","1,000",,,,
Equity & Inclusion Cabinet,Human Right Commission,Human Rights,Current Charges & Obligations,#Missing,"1,016","11,000","11,000",,,,
Equity & Inclusion Cabinet,Office for Immigrant Advancement,Immigrant Advancement,Personnel Services,"471,398","688,559","838,138","966,446",,,,
Equity & Inclusion Cabinet,Office for Immigrant Advancement,Immigrant Advancement,Contractual Services,"178,266","420,389","852,280","2,115,085",,,,
Equity & Inclusion Cabinet,Office for Immigrant Advancement,Immigrant Advancement,Supplies & Materials,"5,304","5,532","11,500","11,500",,,,
Equity & Inclusion Cabinet,Office for Immigrant Advancement,Immigrant Advancement,Current Charges & Obligations,"5,099",924,"2,800","16,324",,,,
Equity & Inclusion Cabinet,Office for Immigrant Advancement,Immigrant Advancement,Equipment,"12,738","5,760",0,#Missing,,,,
Equity & Inclusion Cabinet,Women's Advancement,Women's Commission Program,Personnel Services,"276,763","309,482","359,184","340,272",,,,
Equity & Inclusion Cabinet,Women's Advancement,Women's Commission Program,Contractual Services,"62,280","156,872","509,373","134,573",,,,
Equity & Inclusion Cabinet,Women's Advancement,Women's Commission Program,Supplies & Materials,7,#Missing,800,800,,,,
Equity & Inclusion Cabinet,Women's Advancement,Women's Commission Program,Current Charges & Obligations,140,#Missing,140,140,,,,
Equity & Inclusion Cabinet,Women's Advancement,Women's Commission Program,Equipment,575,#Missing,#Missing,#Missing,,,,
Equity & Inclusion Cabinet,Black Male Advancement,BMA,Personnel Services,#Missing,#Missing,#Missing,"1,054,418",,,,
Equity & Inclusion Cabinet,Black Male Advancement,BMA,Contractual Services,#Missing,#Missing,#Missing,"726,550",,,,
Equity & Inclusion Cabinet,Black Male Advancement,BMA,Supplies & Materials,#Missing,#Missing,#Missing,"10,500",,,,
Equity & Inclusion Cabinet,Black Male Advancement,BMA,Current Charges & Obligations,#Missing,#Missing,#Missing,"2,800",,,,
Equity & Inclusion Cabinet,Black Male Advancement,BMA,Equipment,#Missing,#Missing,#Missing,"9,500",,,,
Equity & Inclusion Cabinet,Fair Housing & Equity,Fair Housing Commission,Personnel Services,"130,809","179,181","490,302","406,034",,,,
Equity & Inclusion Cabinet,Fair Housing & Equity,Fair Housing Commission,Contractual Services,"10,517","7,476","13,240","113,240",,,,
Equity & Inclusion Cabinet,Fair Housing & Equity,Fair Housing Commission,Supplies & Materials,"11,678","3,061","11,822","11,822",,,,
Equity & Inclusion Cabinet,Fair Housing & Equity,Fair Housing Commission,Current Charges & Obligations,"4,301",590,"2,150","2,150",,,,
Equity & Inclusion Cabinet,Fair Housing & Equity,Fair Housing Commission,Equipment,#Missing,"1,700",#Missing,#Missing,,,,
Equity & Inclusion Cabinet,Fair Housing & Equity,Human Rights History,Personnel Services,"69,625",#Missing,#Missing,#Missing,,,,
Equity & Inclusion Cabinet,LGBTQ+ Advancement,LGBTQ+ Admin,Personnel Services,#Missing,#Missing,#Missing,"220,000",,,,
Equity & Inclusion Cabinet,LGBTQ+ Advancement,LGBTQ+ Admin,Contractual Services,#Missing,#Missing,#Missing,"202,250",,,,
Equity & Inclusion Cabinet,LGBTQ+ Advancement,LGBTQ+ Admin,Supplies & Materials,#Missing,#Missing,#Missing,"15,000",,,,
Equity & Inclusion Cabinet,LGBTQ+ Advancement,LGBTQ+ Admin,Current Charges & Obligations,#Missing,#Missing,#Missing,"2,750",,,,
Equity & Inclusion Cabinet,LGBTQ+ Advancement,LGBTQ+ Admin,Equipment,#Missing,#Missing,#Missing,"5,000",,,,
Equity & Inclusion Cabinet,Commission For Persons W/Disabilities,Disabilities,Personnel Services,"465,517","474,251","504,316","659,933",,,,
Equity & Inclusion Cabinet,Commission For Persons W/Disabilities,Disabilities,Contractual Services,"13,112","4,993","112,620","21,150",,,,
Equity & Inclusion Cabinet,Commission For Persons W/Disabilities,Disabilities,Supplies & Materials,"4,625","4,757","7,000","7,000",,,,
Equity & Inclusion Cabinet,Commission For Persons W/Disabilities,Disabilities,Equipment,#Missing,880,#Missing,0,,,,
OPAT Cabinet,Office of Police Accountability & Transparency,OPAT Commission,Personnel Services,#Missing,#Missing,"1,097,500","1,089,213",,,,
OPAT Cabinet,Office of Police Accountability & Transparency,OPAT Commission,Contractual Services,#Missing,#Missing,"5,000","99,460",,,,
OPAT Cabinet,Office of Police Accountability & Transparency,OPAT Commission,Supplies & Materials,#Missing,#Missing,"7,000","20,000",,,,
OPAT Cabinet,Office of Police Accountability & Transparency,OPAT Commission,Current Charges & Obligations,#Missing,#Missing,#Missing,"98,871",,,,
OPAT Cabinet,Office of Police Accountability & Transparency,OPAT Commission,Equipment,#Missing,#Missing,"6,000","6,000",,,,
OPAT Cabinet,Office of Police Accountability & Transparency,Civilian Review Board (CRB),Personnel Services,#Missing,#Missing,"50,000","50,000",,,,
OPAT Cabinet,Office of Police Accountability & Transparency,Civilian Review Board (CRB),Contractual Services,#Missing,#Missing,"4,000",#Missing,,,,
OPAT Cabinet,Office of Police Accountability & Transparency,Civilian Review Board (CRB),Supplies & Materials,#Missing,#Missing,"1,000",#Missing,,,,
OPAT Cabinet,Office of Police Accountability & Transparency,Internal Affairs Oversight Panel (IOAP),Personnel Services,#Missing,#Missing,"125,000","125,000",,,,
OPAT Cabinet,Office of Police Accountability & Transparency,Internal Affairs Oversight Panel (IOAP),Contractual Services,#Missing,#Missing,"4,000",#Missing,,,,
OPAT Cabinet,Office of Police Accountability & Transparency,Internal Affairs Oversight Panel (IOAP),Supplies & Materials,#Missing,#Missing,"1,000",#Missing,,,,
Operations,Property Management Department,PM Administration,Personnel Services,"1,732,549","1,806,599","3,212,928","1,917,832",,,,
Operations,Property Management Department,PM Administration,Contractual Services,"110,185","82,967","111,598","111,598",,,,
Operations,Property Management Department,PM Administration,Supplies & Materials,"21,708","15,995","22,560","15,861",,,,
Operations,Property Management Department,PM Administration,Current Charges & Obligations,"48,626","85,868","104,040","109,440",,,,
Operations,Property Management Department,Building Operations,Personnel Services,"1,898,590","1,673,554","1,599,935","2,383,650",,,,
Operations,Property Management Department,Building Operations,Contractual Services,"5,835,484","5,472,361","5,889,387","6,525,432",,,,
Operations,Property Management Department,Building Operations,Supplies & Materials,"203,272","90,203","662,625","162,625",,,,
Operations,Property Management Department,Building Operations,Current Charges & Obligations,"6,608","6,374","10,025","41,094",,,,
Operations,Property Management Department,Building Operations,Equipment,"142,486","45,806","28,127","104,225",,,,
Operations,Property Management Department,Alterations & Repair,Personnel Services,"742,907","504,369","635,640","709,952",,,,
Operations,Property Management Department,Alterations & Repair,Contractual Services,"2,419,527","3,861,197","888,582","1,436,905",,,,
Operations,Property Management Department,Alterations & Repair,Supplies & Materials,"154,275","46,456","69,965","69,965",,,,
Operations,Property Management Department,Alterations & Repair,Equipment,"198,402","570,761",#Missing,#Missing,,,,
Operations,Property Management Department,Enforcement,Personnel Services,"2,891,963","2,479,754","1,333,015","2,593,463",,,,
Operations,Property Management Department,Enforcement,Contractual Services,"83,193","95,733","92,459","94,918",,,,
Operations,Property Management Department,Enforcement,Supplies & Materials,"81,796","124,976","90,271","80,501",,,,
Operations,Property Management Department,Enforcement,Current Charges & Obligations,"7,361","8,657","8,000","8,000",,,,
Operations,Property Management Department,Enforcement,Equipment,"3,919",37,"35,627","40,072",,,,
Operations,Property Management Department,Security Systems,Personnel Services,"710,978","667,934","665,317","706,928",,,,
Operations,Property Management Department,Security Systems,Contractual Services,"5,620","9,449","15,586","15,586",,,,
Operations,Property Management Department,Security Systems,Supplies & Materials,"17,117","6,076","20,130","20,130",,,,
Operations,Property Management Department,Security Systems,Current Charges & Obligations,4,"1,914",900,900,,,,
Operations,Property Management Department,Security Systems,Equipment,"22,696","11,104","7,000","20,636",,,,
Operations,Property Management Department,Building Systems,Personnel Services,"793,369","564,903","755,310","801,142",,,,
Operations,Property Management Department,Building Systems,Contractual Services,"1,795,585","1,101,132","1,488,385","1,605,650",,,,
Operations,Property Management Department,Building Systems,Supplies & Materials,"56,253","33,466","54,500","54,500",,,,
Operations,Property Management Department,Building Systems,Current Charges & Obligations,"1,400","1,350","2,500","2,500",,,,
Operations,Property Management Department,Building Systems,Equipment,"2,005",970,"3,000","3,000",,,,
Operations,Public Facilities Department,PFD Capital Construction,Personnel Services,"6,279,941","6,809,366","7,524,063","8,297,445",,,,
Operations,Public Facilities Department,PFD Capital Construction,Contractual Services,"326,305","332,634","114,520","470,260",,,,
Operations,Public Facilities Department,PFD Capital Construction,Supplies & Materials,"23,806","9,799","26,444","27,012",,,,
Operations,Public Facilities Department,PFD Capital Construction,Current Charges & Obligations,"14,089","11,159","27,200","21,700",,,,
Operations,Public Facilities Department,PFD Capital Construction,Equipment,#Missing,#Missing,"5,800","5,800",,,,
Operations,Inspectional Services Department,ISD Commissioner's Office,Personnel Services,"784,045","843,404","1,116,119","993,801",,,,
Operations,Inspectional Services Department,ISD Commissioner's Office,Contractual Services,"466,505","394,930","451,658","277,751",,,,
Operations,Inspectional Services Department,ISD Commissioner's Office,Supplies & Materials,"3,954","6,514","8,459","1,270",,,,
Operations,Inspectional Services Department,ISD Commissioner's Office,Current Charges & Obligations,"10,770","37,268","32,654","63,018",,,,
Operations,Inspectional Services Department,ISD Commissioner's Office,Equipment,"5,353",#Missing,"2,489","2,453",,,,
Operations,Inspectional Services Department,ISD Administration & Finance,Personnel Services,"1,816,116","2,205,104","2,501,083","2,924,590",,,,
Operations,Inspectional Services Department,ISD Administration & Finance,Contractual Services,"395,301","221,098","456,707","580,151",,,,
Operations,Inspectional Services Department,ISD Administration & Finance,Supplies & Materials,"192,336","167,012","198,628","196,377",,,,
Operations,Inspectional Services Department,ISD Administration & Finance,Current Charges & Obligations,"665,427","828,722","985,875","703,240",,,,
Operations,Inspectional Services Department,ISD Administration & Finance,Equipment,"222,307","31,989","10,000","22,272",,,,
Operations,Inspectional Services Department,Buildings & Structures,Personnel Services,"6,552,997","7,598,633","8,476,301","8,593,956",,,,
Operations,Inspectional Services Department,Buildings & Structures,Contractual Services,"414,745","508,606","306,995","299,206",,,,
Operations,Inspectional Services Department,Buildings & Structures,Supplies & Materials,"36,210","25,790","17,204","32,210",,,,
Operations,Inspectional Services Department,Buildings & Structures,Current Charges & Obligations,"14,307","7,530",608,"98,326",,,,
Operations,Inspectional Services Department,Buildings & Structures,Equipment,"17,258","17,088","14,779","8,512",,,,
Operations,Inspectional Services Department,Field Services,Personnel Services,"6,614,700","6,720,592","7,603,839","7,716,197",,,,
Operations,Inspectional Services Department,Field Services,Contractual Services,"247,560","225,894","280,489","297,241",,,,
Operations,Inspectional Services Department,Field Services,Supplies & Materials,"37,471","39,244","36,065","34,450",,,,
Operations,Inspectional Services Department,Field Services,Current Charges & Obligations,"3,004","2,760","7,029","5,550",,,,
Operations,Inspectional Services Department,Field Services,Equipment,"21,130","17,197","40,948","35,505",,,,
Community Engagement,Neighborhood Services,ONS Administration,Personnel Services,"516,408","640,264","777,674","934,963",,,,
Community Engagement,Neighborhood Services,ONS Administration,Contractual Services,"155,281","59,937","46,100","46,100",,,,
Community Engagement,Neighborhood Services,ONS Administration,Supplies & Materials,"4,840","2,969","6,731","7,189",,,,
Community Engagement,Neighborhood Services,ONS Administration,Current Charges & Obligations,"8,440","20,028","7,664","2,430",,,,
Community Engagement,Neighborhood Services,Neighborhood Serv,Personnel Services,"1,296,455","1,293,366","1,427,094","1,599,393",,,,
Community Engagement,Neighborhood Services,Neighborhood Serv,Contractual Services,"-1,525",-825,"110,200","10,200",,,,
Community Engagement,Neighborhood Services,Neighborhood Serv,Supplies & Materials,"3,914","1,047","3,800","3,800",,,,
Community Engagement,Neighborhood Services,Office of Civic Organizing,Personnel Services,"67,435","87,221","105,387","74,950",,,,
Community Engagement,Neighborhood Services,Office of Civic Organizing,Contractual Services,"9,486","20,856","1,090","1,090",,,,
Community Engagement,Neighborhood Services,Office of Civic Organizing,Supplies & Materials,401,556,500,500,,,,
Community Engagement,Neighborhood Services,Office of Civic Organizing,Equipment,#Missing,"3,270",#Missing,#Missing,,,,
Community Engagement,Neighborhood Services,Boston 311,Personnel Services,"1,279,725","1,465,349","1,632,308","1,967,746",,,,
Community Engagement,Neighborhood Services,Boston 311,Contractual Services,"349,669","426,363","7,000","7,000",,,,
Community Engagement,Neighborhood Services,Boston 311,Supplies & Materials,453,142,"2,700","2,700",,,,
Community Engagement,Neighborhood Services,Boston 311,Current Charges & Obligations,#Missing,#Missing,776,776,,,,
Community Engagement,Neighborhood Services,Boston 311,Equipment,"1,546",#Missing,#Missing,#Missing,,,,
Arts & Culture,Office of Arts & Culture,Arts and Culture,Personnel Services,"1,102,255","1,091,021","1,369,492","1,739,662",,,,
Arts & Culture,Office of Arts & Culture,Arts and Culture,Contractual Services,"920,561","975,980","2,209,432","2,287,943",,,,
Arts & Culture,Office of Arts & Culture,Arts and Culture,Supplies & Materials,"7,354","2,400","5,000","5,000",,,,
Arts & Culture,Office of Arts & Culture,Arts and Culture,Current Charges & Obligations,"10,201","21,682","45,151","45,148",,,,
Arts & Culture,Office of Arts & Culture,Arts and Culture,Equipment,"8,954","8,366",#Missing,#Missing,,,,
Economic Opportunity & Inclusion,Office of Economic Opportunity & Inclusion,Economic Development,Personnel Services,"1,449,227","781,580","1,000,068","1,811,986",,,,
Economic Opportunity & Inclusion,Office of Economic Opportunity & Inclusion,Economic Development,Contractual Services,"101,935","47,344","26,744","389,419",,,,
Economic Opportunity & Inclusion,Office of Economic Opportunity & Inclusion,Economic Development,Supplies & Materials,"22,009","1,985","12,000","12,000",,,,
Economic Opportunity & Inclusion,Office of Economic Opportunity & Inclusion,Economic Development,Current Charges & Obligations,"38,467","12,990","48,340","63,410",,,,
Economic Opportunity & Inclusion,Office of Economic Opportunity & Inclusion,Economic Development,Equipment,"29,240","30,008","4,200","4,200",,,,
Economic Opportunity & Inclusion,Office of Economic Opportunity & Inclusion,Equity & Inclusion History,Personnel Services,"644,818","1,206,452",0,#Missing,,,,
Economic Opportunity & Inclusion,Office of Economic Opportunity & Inclusion,Equity & Inclusion History,Contractual Services,"218,612","1,178,284",#Missing,#Missing,,,,
Economic Opportunity & Inclusion,Office of Economic Opportunity & Inclusion,Equity & Inclusion History,Supplies & Materials,"8,729","2,000",#Missing,#Missing,,,,
Economic Opportunity & Inclusion,Office of Economic Opportunity & Inclusion,Equity & Inclusion History,Current Charges & Obligations,"1,130","28,000",#Missing,#Missing,,,,
Economic Opportunity & Inclusion,Office of Economic Opportunity & Inclusion,Small & Local Business,Personnel Services,"605,738","179,371","349,022","619,150",,,,
Economic Opportunity & Inclusion,Office of Economic Opportunity & Inclusion,Small & Local Business,Contractual Services,"334,418","385,609","1,486,018","3,059,100",,,,
Economic Opportunity & Inclusion,Office of Economic Opportunity & Inclusion,Small & Local Business,Supplies & Materials,"3,382",300,"13,010","12,010",,,,
Economic Opportunity & Inclusion,Office of Economic Opportunity & Inclusion,Small & Local Business,Current Charges & Obligations,"5,718",#Missing,"5,173","2,033",,,,
Economic Opportunity & Inclusion,Consumer Affairs & Licensing,Consumer Licensing,Personnel Services,"572,252","569,288","534,583","707,022",,,,
Economic Opportunity & Inclusion,Consumer Affairs & Licensing,Consumer Licensing,Contractual Services,"3,459","2,015","4,700","4,100",,,,
Economic Opportunity & Inclusion,Consumer Affairs & Licensing,Consumer Licensing,Supplies & Materials,"2,439",583,"2,250","2,250",,,,
Economic Opportunity & Inclusion,Consumer Affairs & Licensing,Consumer Licensing,Current Charges & Obligations,"19,388","3,216","1,680","1,335",,,,
Economic Opportunity & Inclusion,Consumer Affairs & Licensing,Consumer Licensing,Equipment,#Missing,770,0,#Missing,,,,
Economic Opportunity & Inclusion,Consumer Affairs & Licensing,Consumer Affairs,Personnel Services,"100,702","173,037","110,471","64,656",,,,
Economic Opportunity & Inclusion,Consumer Affairs & Licensing,Consumer Affairs,Contractual Services,60,#Missing,200,#Missing,,,,
Economic Opportunity & Inclusion,Consumer Affairs & Licensing,Consumer Affairs,Supplies & Materials,#Missing,#Missing,400,#Missing,,,,
Economic Opportunity & Inclusion,Consumer Affairs & Licensing,Licensing_Board,Personnel Services,"623,980","745,539","1,013,309","997,116",,,,
Economic Opportunity & Inclusion,Consumer Affairs & Licensing,Licensing_Board,Contractual Services,"8,845","10,251","109,970","10,590",,,,
Economic Opportunity & Inclusion,Consumer Affairs & Licensing,Licensing_Board,Supplies & Materials,"16,762","7,667","14,750","12,250",,,,
Economic Opportunity & Inclusion,Consumer Affairs & Licensing,Licensing_Board,Current Charges & Obligations,"10,340","6,096","10,345","5,430",,,,
Economic Opportunity & Inclusion,Consumer Affairs & Licensing,Licensing_Board,Equipment,"2,132",#Missing,0,#Missing,,,,
Economic Opportunity & Inclusion,Office of Tourism,Tourism Administration,Personnel Services,"468,075","486,966","473,919","483,281",,,,
Economic Opportunity & Inclusion,Office of Tourism,Tourism Administration,Contractual Services,"19,373","16,768","1,031,980","31,980",,,,
Economic Opportunity & Inclusion,Office of Tourism,Tourism Administration,Supplies & Materials,"13,139",#Missing,"14,400","14,400",,,,
Economic Opportunity & Inclusion,Office of Tourism,Tourism Administration,Current Charges & Obligations,779,2,450,450,,,,
Economic Opportunity & Inclusion,Office of Tourism,Tourism Administration,Equipment,#Missing,"5,372",#Missing,#Missing,,,,
Economic Opportunity & Inclusion,Office of Tourism,Film & Special Events,Personnel Services,"301,488","207,662","320,761","308,726",,,,
Economic Opportunity & Inclusion,Office of Tourism,Film & Special Events,Contractual Services,"241,718","12,798","255,900","330,900",,,,
Economic Opportunity & Inclusion,Office of Tourism,Film & Special Events,Supplies & Materials,706,271,849,"1,287",,,,
Economic Opportunity & Inclusion,Office of Tourism,Film & Special Events,Current Charges & Obligations,"55,627","35,394","60,000","60,000",,,,
Economic Opportunity & Inclusion,Office of Tourism,Film & Special Events,Equipment,"17,688",463,"2,000","2,000",,,,
Economic Opportunity & Inclusion,Office of Tourism,Film & Special Events,Other Expenses,"168,301","49,326","225,000","225,000",,,,
Economic Opportunity & Inclusion,Office of Tourism,Tourism,Personnel Services,"34,920","70,093","72,220","78,079",,,,
Economic Opportunity & Inclusion,Office of Tourism,Tourism,Contractual Services,"3,452","1,848","4,500","4,500",,,,
Economic Opportunity & Inclusion,Office of Tourism,Tourism,Supplies & Materials,"2,051","1,470","2,500","2,500",,,,
Economic Opportunity & Inclusion,Office of Tourism,Tourism,Current Charges & Obligations,#Missing,#Missing,100,100,,,,
Economic Opportunity & Inclusion,Office of Tourism,Tourism,Other Expenses,"37,992","6,337","38,750","38,750",,,,
Economic Opportunity & Inclusion,Department of Supplier and Workforce Diversity,Supplier and Workforce Diversity,Personnel Services,#Missing,#Missing,#Missing,"2,219,941",,,,
Economic Opportunity & Inclusion,Department of Supplier and Workforce Diversity,Supplier and Workforce Diversity,Contractual Services,#Missing,#Missing,#Missing,"1,236,950",,,,
Economic Opportunity & Inclusion,Department of Supplier and Workforce Diversity,Supplier and Workforce Diversity,Supplies & Materials,#Missing,#Missing,#Missing,"10,430",,,,
Economic Opportunity & Inclusion,Department of Supplier and Workforce Diversity,Supplier and Workforce Diversity,Current Charges & Obligations,#Missing,#Missing,#Missing,"7,198",,,,
Economic Opportunity & Inclusion,Department of Supplier and Workforce Diversity,Supplier and Workforce Diversity,Equipment,#Missing,#Missing,#Missing,"4,000",,,,
Education,Boston Public Schools,Boston Public Schools,Personnel Services,"947,770,897","997,246,770","1,038,362,910","1,059,286,547",,,,
Education,Boston Public Schools,Boston Public Schools,Contractual Services,"207,247,480","230,872,487","219,730,411","235,855,541",,,,
Education,Boston Public Schools,Boston Public Schools,Supplies & Materials,"6,892,766","16,725,368","11,815,308","10,803,826",,,,
Education,Boston Public Schools,Boston Public Schools,Current Charges & Obligations,"7,348,114","5,903,082","11,215,639","14,480,516",,,,
Education,Boston Public Schools,Boston Public Schools,Equipment,"8,488,464","8,890,877","12,783,851","13,777,336",,,,
Education,Boston Public Schools,Boston Public Schools,Other Expenses,"814,652","826,664","811,742","641,742",,,,
"Environment, Energy & Open Space",Environment Department,Environment,Personnel Services,"2,139,826","2,436,307","2,903,178","2,534,392",,,,
"Environment, Energy & Open Space",Environment Department,Environment,Contractual Services,"1,022,150","680,823","2,052,033","757,797",,,,
"Environment, Energy & Open Space",Environment Department,Environment,Supplies & Materials,"38,511","15,663","29,000","10,000",,,,
"Environment, Energy & Open Space",Environment Department,Environment,Current Charges & Obligations,"1,679","4,887","4,400","4,400",,,,
"Environment, Energy & Open Space",Environment Department,Environment,Equipment,"10,173",#Missing,#Missing,#Missing,,,,
"Environment, Energy & Open Space",Environment Department,Environment,Other Expenses,#Missing,#Missing,#Missing,"500,000",,,,
"Environment, Energy & Open Space",Parks & Recreation Department,Parks & Recreation Administration,Personnel Services,"2,382,519","2,513,069","2,570,056","2,448,021",,,,
"Environment, Energy & Open Space",Parks & Recreation Department,Parks Operations,Personnel Services,"9,423,925","8,544,588","9,255,605","10,582,352",,,,
"Environment, Energy & Open Space",Parks & Recreation Department,Citywide Recreation,Personnel Services,"814,272","756,500","892,541","934,056",,,,
"Environment, Energy & Open Space",Parks & Recreation Department,Parks Design & Construction,Personnel Services,"1,320,237","1,319,217","1,532,480","1,379,187",,,,
"Environment, Energy & Open Space",Parks & Recreation Department,Animal Care & Control,Personnel Services,"1,087,160","1,029,663","1,291,754","1,365,860",,,,
"Environment, Energy & Open Space",Parks & Recreation Department,Parks & Recreation Administration,Contractual Services,"439,557","393,446","537,737","539,737",,,,
"Environment, Energy & Open Space",Parks & Recreation Department,Parks Operations,Contractual Services,"3,667,754","3,957,267","3,809,300","4,432,401",,,,
"Environment, Energy & Open Space",Parks & Recreation Department,Citywide Recreation,Contractual Services,"34,094","27,666","286,039","286,039",,,,
"Environment, Energy & Open Space",Parks & Recreation Department,Parks Design & Construction,Contractual Services,"3,125,023","2,608,965","652,068","706,754",,,,
"Environment, Energy & Open Space",Parks & Recreation Department,Animal Care & Control,Contractual Services,"106,006","37,884","253,445","180,445",,,,
"Environment, Energy & Open Space",Parks & Recreation Department,Parks & Recreation Administration,Supplies & Materials,"30,734","32,234","39,050","39,050",,,,
"Environment, Energy & Open Space",Parks & Recreation Department,Parks Operations,Supplies & Materials,"867,563","722,835","795,853","855,623",,,,
"Environment, Energy & Open Space",Parks & Recreation Department,Citywide Recreation,Supplies & Materials,"47,028","50,916","57,250","57,250",,,,
"Environment, Energy & Open Space",Parks & Recreation Department,Parks Design & Construction,Supplies & Materials,"15,292","74,215",750,750,,,,
"Environment, Energy & Open Space",Parks & Recreation Department,Animal Care & Control,Supplies & Materials,"9,506","16,338","26,974","91,940",,,,
"Environment, Energy & Open Space",Parks & Recreation Department,Parks & Recreation Administration,Current Charges & Obligations,"390,844","438,215","513,158","441,088",,,,
"Environment, Energy & Open Space",Parks & Recreation Department,Parks Operations,Current Charges & Obligations,"15,090","60,176","66,465","68,765",,,,
"Environment, Energy & Open Space",Parks & Recreation Department,Citywide Recreation,Current Charges & Obligations,"95,657","118,979","130,209","100,484",,,,
"Environment, Energy & Open Space",Parks & Recreation Department,Parks Design & Construction,Current Charges & Obligations,975,#Missing,"101,105","83,682",,,,
"Environment, Energy & Open Space",Parks & Recreation Department,Animal Care & Control,Current Charges & Obligations,202,202,670,"10,470",,,,
"Environment, Energy & Open Space",Parks & Recreation Department,Parks & Recreation Administration,Equipment,"77,304","56,398","79,838","54,036",,,,
"Environment, Energy & Open Space",Parks & Recreation Department,Parks Operations,Equipment,"719,800","845,316","1,087,778","1,272,937",,,,
"Environment, Energy & Open Space",Parks & Recreation Department,Citywide Recreation,Equipment,"7,272","7,272","3,092",#Missing,,,,
"Environment, Energy & Open Space",Parks & Recreation Department,Animal Care & Control,Equipment,"21,753","21,753","27,467","11,494",,,,
"Environment, Energy & Open Space",Parks & Recreation Department,Parks Operations,Other Expenses,"1,704,760","1,918,620","2,101,268","2,601,268",,,,
"Environment, Energy & Open Space",Cemetery Division,Cemetery,Personnel Services,"1,778,187","1,953,497","1,999,983","1,993,532",,,,
"Environment, Energy & Open Space",Cemetery Division,Cemetery,Contractual Services,"239,421","307,090","291,966","404,793",,,,
"Environment, Energy & Open Space",Cemetery Division,Cemetery,Supplies & Materials,"73,034","64,740","92,758","97,418",,,,
"Environment, Energy & Open Space",Cemetery Division,Cemetery,Current Charges & Obligations,"35,783","24,254","13,329","21,189",,,,
"Environment, Energy & Open Space",Cemetery Division,Cemetery,Equipment,"180,064","168,648","165,993","125,486",,,,
"Environment, Energy & Open Space",Cemetery Division,Cemetery,Other Expenses,"42,800","36,925","60,000","60,000",,,,
"Environment, Energy & Open Space",Office of Historic Preservation,Historic Preservation,Personnel Services,#Missing,#Missing,#Missing,"1,094,815",,,,
"Environment, Energy & Open Space",Office of Historic Preservation,Historic Preservation,Contractual Services,#Missing,#Missing,#Missing,"182,517",,,,
"Environment, Energy & Open Space",Office of Historic Preservation,Historic Preservation,Supplies & Materials,#Missing,#Missing,#Missing,"19,000",,,,
"Environment, Energy & Open Space",Office of Food Justice,Food Justice,Personnel Services,#Missing,#Missing,#Missing,"443,210",,,,
"Environment, Energy & Open Space",Office of Food Justice,Food Justice,Contractual Services,#Missing,#Missing,#Missing,"913,000",,,,
"Environment, Energy & Open Space",Office of Food Justice,Food Justice,Supplies & Materials,#Missing,#Missing,#Missing,"2,000",,,,
"Environment, Energy & Open Space",Office of Food Justice,Food Justice,Current Charges & Obligations,#Missing,#Missing,#Missing,150,,,,
Finance,Office of Finance,A&F,Personnel Services,"734,472","785,330","873,999","937,900",,,,
Finance,Office of Finance,A&F,Contractual Services,"1,296,907","2,879,758","1,167,700","1,706,603",,,,
Finance,Office of Finance,A&F,Supplies & Materials,934,"1,476","2,000","1,250",,,,
Finance,Office of Finance,A&F,Current Charges & Obligations,"1,472","3,651","2,508","2,800",,,,
Finance,Office of Finance,A&F,Equipment,"23,204","17,593",#Missing,0,,,,
Finance,Assessing Department,Assessing Operations,Personnel Services,"2,290,600","2,466,168","2,592,603","2,326,160",,,,
Finance,Assessing Department,Assessing Operations,Contractual Services,"102,546","109,627","107,100","111,600",,,,
Finance,Assessing Department,Assessing Operations,Supplies & Materials,"50,144","125,527","56,500","56,740",,,,
Finance,Assessing Department,Assessing Operations,Current Charges & Obligations,"3,648","2,598","4,500","5,000",,,,
Finance,Assessing Department,Valuation,Personnel Services,"2,961,780","3,241,718","3,588,846","3,707,760",,,,
Finance,Assessing Department,Valuation,Contractual Services,"177,342","183,401","180,300","416,200",,,,
Finance,Assessing Department,Valuation,Supplies & Materials,"6,250","7,250","9,000","9,000",,,,
Finance,Assessing Department,Valuation,Current Charges & Obligations,"47,184","149,590","156,400","162,300",,,,
Finance,Assessing Department,Valuation,Equipment,"15,478",#Missing,#Missing,0,,,,
Finance,Assessing Department,Executive,Personnel Services,"972,919","889,102","1,182,925","1,227,090",,,,
Finance,Assessing Department,Executive,Contractual Services,"35,301","165,437","194,700","195,000",,,,
Finance,Assessing Department,Executive,Supplies & Materials,500,500,500,500,,,,
Finance,Assessing Department,Executive,Current Charges & Obligations,"6,669","6,275","5,500","6,000",,,,
Finance,Auditing Department,Auditing Administration,Personnel Services,"579,292","521,782","580,415","634,783",,,,
Finance,Auditing Department,Auditing Administration,Contractual Services,"106,174","106,707","123,402","123,402",,,,
Finance,Auditing Department,Auditing Administration,Supplies & Materials,"2,499",957,"2,707","2,707",,,,
Finance,Auditing Department,Auditing Administration,Current Charges & Obligations,"1,810","2,663","1,961","1,961",,,,
Finance,Auditing Department,Accounting,Personnel Services,"656,862","687,081","771,374","768,452",,,,
Finance,Auditing Department,Accounting,Contractual Services,"6,835","258,365","7,885","7,885",,,,
Finance,Auditing Department,Accounting,Supplies & Materials,875,155,"1,757","1,757",,,,
Finance,Auditing Department,Accounting,Current Charges & Obligations,"24,343","19,987","36,973","36,973",,,,
Finance,Auditing Department,Central Payroll,Personnel Services,"613,102","504,497","605,222","642,794",,,,
Finance,Auditing Department,Central Payroll,Contractual Services,"2,454",589,"3,795","3,795",,,,
Finance,Auditing Department,Central Payroll,Supplies & Materials,"1,000","1,133","1,400","1,400",,,,
Finance,Auditing Department,Central Payroll,Current Charges & Obligations,516,"1,507",516,516,,,,
Finance,Auditing Department,Central Payroll,Equipment,#Missing,"2,218",#Missing,#Missing,,,,
Finance,Auditing Department,Grants Monitoring,Personnel Services,"321,741","352,116","152,194","202,308",,,,
Finance,Auditing Department,Grants Monitoring,Contractual Services,"2,345","1,758","3,085","3,085",,,,
Finance,Auditing Department,Grants Monitoring,Supplies & Materials,658,15,957,957,,,,
Finance,Auditing Department,Grants Monitoring,Current Charges & Obligations,365,"1,370",455,455,,,,
Finance,Auditing Department,Accounts Payable,Personnel Services,"663,749","655,808","757,937","809,351",,,,
Finance,Auditing Department,Accounts Payable,Contractual Services,"8,914","6,497","7,815","7,815",,,,
Finance,Auditing Department,Accounts Payable,Supplies & Materials,"2,729","1,782","4,707","4,707",,,,
Finance,Auditing Department,Accounts Payable,Current Charges & Obligations,#Missing,"3,095",388,388,,,,
Finance,Auditing Department,Accounts Payable,Equipment,#Missing,"2,218",#Missing,#Missing,,,,
Finance,Budget Management,Budget Administration,Personnel Services,"865,956","868,922","1,015,814","1,005,238",,,,
Finance,Budget Management,Budget Administration,Contractual Services,"431,017","373,366","162,550","162,550",,,,
Finance,Budget Management,Budget Administration,Supplies & Materials,"3,126",917,"4,850","4,850",,,,
Finance,Budget Management,Budget Administration,Current Charges & Obligations,"54,805","56,183","63,785","63,785",,,,
Finance,Budget Management,Budget Administration,Equipment,"25,170","6,942",#Missing,#Missing,,,,
Finance,Budget Management,Budget & Management,Personnel Services,"805,636","857,130","958,703","793,438",,,,
Finance,Budget Management,Budget & Management,Contractual Services,"1,955",568,"1,800","1,800",,,,
Finance,Budget Management,Budget & Management,Supplies & Materials,#Missing,#Missing,500,500,,,,
Finance,Budget Management,Revenue Monitoring,Personnel Services,"84,407","105,797","110,831","97,571",,,,
Finance,Budget Management,Revenue Monitoring,Contractual Services,#Missing,#Missing,"560,300","560,300",,,,
Finance,Budget Management,Improving Management Project,Contractual Services,#Missing,#Missing,#Missing,0,,,,
Finance,Budget Management,Improving Management Project,Contractual Services,#Missing,#Missing,#Missing,0,,,,
Finance,Budget Management,Capital Budgeting,Personnel Services,"369,092","375,068","393,703","421,102",,,,
Finance,Budget Management,Capital Budgeting,Contractual Services,700,254,600,600,,,,
Finance,Budget Management,Capital Budgeting,Supplies & Materials,250,#Missing,750,750,,,,
Finance,Budget Management,Capital Budgeting,Current Charges & Obligations,#Missing,#Missing,0,#Missing,,,,
Finance,Budget Management,Risk Management,Personnel Services,"126,676","130,005","124,850","103,619",,,,
Finance,Budget Management,Risk Management,Contractual Services,259,#Missing,"68,270","68,270",,,,
Finance,Budget Management,Risk Management,Current Charges & Obligations,"58,250","58,250","71,485","70,885",,,,
Finance,Office of Participatory Budgeting,Participatory Budgeting Program,Personnel Services,#Missing,#Missing,#Missing,"240,000",,,,
Finance,Office of Participatory Budgeting,Participatory Budgeting Program,Contractual Services,#Missing,#Missing,#Missing,"5,000",,,,
Finance,Office of Participatory Budgeting,Participatory Budgeting Program,Equipment,#Missing,#Missing,#Missing,"5,000",,,,
Finance,Office of Participatory Budgeting,Participatory Budgeting Program,Other Expenses,#Missing,#Missing,"1,000,000","1,750,000",,,,
Finance,Execution of Courts,Execution of Courts,Other Expenses,"7,083,289","5,790,678","5,000,000","5,000,000",,,,
Finance,Pensions & Annuities - City,Pensions & Annuities - City,Tot Pension & Annuity,"3,515,768","3,429,223","3,900,000","3,900,000",,,,
Finance,Procurement,Purchasing Administration,Personnel Services,"860,926","870,392","836,889","981,897",,,,
Finance,Procurement,Purchasing Administration,Contractual Services,"18,249","16,235","15,753","16,433",,,,
Finance,Procurement,Purchasing Administration,Supplies & Materials,"7,424","2,799","7,500","7,500",,,,
Finance,Procurement,Purchasing Administration,Current Charges & Obligations,"15,518","11,491","4,515","4,515",,,,
Finance,Procurement,Purchasing Administration,Equipment,"17,507","12,025","24,332","24,070",,,,
Finance,Procurement,Purchasing Administration,Other Expenses,"762,219","91,849",#Missing,#Missing,,,,
Finance,Procurement,Procurement Operations,Personnel Services,"537,746","585,651","701,262","674,345",,,,
Finance,Procurement,Procurement Operations,Contractual Services,"1,794","1,609","202,095","7,021",,,,
Finance,Procurement,Procurement Operations,Supplies & Materials,"3,905","1,921","4,975","4,975",,,,
Finance,Procurement,Procurement Operations,Current Charges & Obligations,126,290,400,400,,,,
Finance,Procurement,Procurement Operations,Other Expenses,"204,389","46,746",#Missing,#Missing,,,,
Finance,Procurement,Central Services,Personnel Services,"378,350","325,984","323,121","326,519",,,,
Finance,Procurement,Central Services,Contractual Services,"54,399","41,526","26,021","26,021",,,,
Finance,Procurement,Central Services,Supplies & Materials,"3,810","2,647","2,750","2,750",,,,
Finance,Procurement,Central Services,Current Charges & Obligations,#Missing,25,150,150,,,,
Finance,Procurement,Central Services,Other Expenses,"-93,341","41,807","6,000","6,000",,,,
Finance,Treasury-Collecting,General Management,Personnel Services,"481,265","505,212","487,440","623,579",,,,
Finance,Treasury-Collecting,General Management,Contractual Services,"37,360","80,450","496,250","496,250",,,,
Finance,Treasury-Collecting,General Management,Supplies & Materials,"9,265","5,096","18,500","18,500",,,,
Finance,Treasury-Collecting,General Management,Current Charges & Obligations,"13,989","2,454","16,500","17,000",,,,
Finance,Treasury-Collecting,Special Collections,Personnel Services,"582,735","578,415","623,413","512,493",,,,
Finance,Treasury-Collecting,Special Collections,Contractual Services,"2,068","1,623","3,962","3,962",,,,
Finance,Treasury-Collecting,Special Collections,Supplies & Materials,"2,250","2,500","2,250","2,250",,,,
Finance,Treasury-Collecting,Payment Services,Personnel Services,"302,800","312,386","326,872","454,848",,,,
Finance,Treasury-Collecting,Payment Services,Contractual Services,"355,682","409,509","1,525","1,525",,,,
Finance,Treasury-Collecting,Payment Services,Supplies & Materials,"548,274","499,549","516,500","516,500",,,,
Finance,Treasury-Collecting,Payment Services,Equipment,248,"5,816","20,000","20,000",,,,
Finance,Treasury-Collecting,Payment Services,Other Expenses,"361,004","579,792",#Missing,#Missing,,,,
Finance,Treasury-Collecting,Accounting/Quality Control,Personnel Services,"372,721","396,024","423,318","351,219",,,,
Finance,Treasury-Collecting,Accounting/Quality Control,Contractual Services,"1,380","1,018","1,213","1,213",,,,
Finance,Treasury-Collecting,Accounting/Quality Control,Supplies & Materials,500,500,500,500,,,,
Finance,Treasury Division,Treasury Administration,Personnel Services,"507,926","510,542","459,661","519,332",,,,
Finance,Treasury Division,Treasury Administration,Contractual Services,"197,343","136,717","144,500","203,108",,,,
Finance,Treasury Division,Treasury Administration,Supplies & Materials,"14,992","14,791","15,000","15,000",,,,
Finance,Treasury Division,Treasury Administration,Current Charges & Obligations,"14,449","12,204","19,000","19,000",,,,
Finance,Treasury Division,General Service/Payroll,Personnel Services,"421,851","377,615","431,115","359,939",,,,
Finance,Treasury Division,General Service/Payroll,Contractual Services,"15,902","16,731","25,400","25,400",,,,
Finance,Treasury Division,General Service/Payroll,Supplies & Materials,"240,395","240,052","245,250","245,500",,,,
Finance,Treasury Division,Treasury Accounting,Personnel Services,"175,415","180,807","188,304","168,668",,,,
Finance,Treasury Division,Treasury Accounting,Contractual Services,620,267,900,900,,,,
Finance,Treasury Division,Treasury Accounting,Supplies & Materials,"4,500","4,500","4,750","4,750",,,,
Finance,Treasury Division,Accounts Receivable,Personnel Services,"404,767","417,902","431,207","510,172",,,,
Finance,Treasury Division,Accounts Receivable,Contractual Services,841,207,900,900,,,,
Finance,Treasury Division,Accounts Receivable,Supplies & Materials,"16,685","17,000","17,000","17,000",,,,
Finance,Treasury Division,Trust,Personnel Services,83,632,0,0,,,,
Finance,Treasury Division,Trust,Contractual Services,#Missing,#Missing,#Missing,0,,,,
Finance,Treasury Division,Trust,Other Expenses,"15,000,000",#Missing,#Missing,#Missing,,,,
People Operations,Office of People Operations,People Administration,Personnel Services,#Missing,#Missing,#Missing,"389,108",,,,
People Operations,Office of People Operations,People Administration,Contractual Services,#Missing,#Missing,#Missing,"103,000",,,,
People Operations,Office of People Operations,People Administration,Supplies & Materials,#Missing,#Missing,#Missing,"1,000",,,,
People Operations,Office of People Operations,People Administration,Current Charges & Obligations,#Missing,#Missing,#Missing,"1,000",,,,
People Operations,Office of People Operations,People Administration,Equipment,#Missing,#Missing,#Missing,"2,000",,,,
People Operations,Health Insurance,Health Insur,Current Charges & Obligations,"211,341,951","210,900,841","212,236,570","217,310,394",,,,
People Operations,Human Resources,Personnel,Personnel Services,"1,903,365","2,015,785","2,790,704","2,753,851",,,,
People Operations,Human Resources,Personnel,Contractual Services,"93,804","94,646","396,418","1,245,818",,,,
People Operations,Human Resources,Personnel,Supplies & Materials,"7,421","5,561","5,580","5,580",,,,
People Operations,Human Resources,Personnel,Current Charges & Obligations,"752,373","781,483","925,124","925,637",,,,
People Operations,Human Resources,Personnel,Equipment,"75,801","22,461",#Missing,#Missing,,,,
People Operations,Human Resources,Affirmative Action,Contractual Services,"205,089","2,024,410","61,625","61,625",,,,
People Operations,Human Resources,Affirmative Action,Current Charges & Obligations,"1,100",550,"2,000","2,000",,,,
People Operations,Human Resources,Health Benefits & Insurance,Personnel Services,"856,081","847,645","866,981","975,852",,,,
People Operations,Human Resources,Health Benefits & Insurance,Contractual Services,"11,515","14,438","18,600","48,494",,,,
People Operations,Human Resources,Health Benefits & Insurance,Supplies & Materials,"29,063","43,741","43,400","43,400",,,,
People Operations,Human Resources,Health Benefits & Insurance,Current Charges & Obligations,"4,310","1,114",455,"1,250",,,,
People Operations,Human Resources,Health Benefits & Insurance,Equipment,"14,332",475,#Missing,#Missing,,,,
People Operations,Human Resources,Employee Assistance,Personnel Services,"231,557","257,563","306,434","629,593",,,,
People Operations,Human Resources,Employee Assistance,Contractual Services,557,254,600,600,,,,
People Operations,Human Resources,Employee Assistance,Supplies & Materials,#Missing,#Missing,500,500,,,,
People Operations,Human Resources,Employee Assistance,Current Charges & Obligations,#Missing,#Missing,252,252,,,,
People Operations,Human Resources,Employee Assistance,Equipment,#Missing,"1,955",#Missing,#Missing,,,,
People Operations,Human Resources,Workers' Comp,Personnel Services,"749,827","713,424","651,121","789,138",,,,
People Operations,Human Resources,Workers' Comp,Contractual Services,"14,078","3,381","6,550","5,550",,,,
People Operations,Human Resources,Workers' Comp,Supplies & Materials,"6,171","2,392","8,450","8,450",,,,
People Operations,Human Resources,Workers' Comp,Current Charges & Obligations,"149,344","24,027","132,634","135,094",,,,
People Operations,Human Resources,Workers' Comp,Equipment,"3,472",#Missing,#Missing,#Missing,,,,
People Operations,Medicare,Medicare,Total Medicare,"10,618,969","10,542,664","12,635,794","12,635,794",,,,
People Operations,Office of Labor Relations,Labor Relations,Personnel Services,"804,291","831,980","1,009,358","1,363,403",,,,
People Operations,Office of Labor Relations,Labor Relations,Contractual Services,"474,786","425,171","556,840","556,814",,,,
People Operations,Office of Labor Relations,Labor Relations,Supplies & Materials,"1,267",434,"2,800","2,700",,,,
People Operations,Office of Labor Relations,Labor Relations,Current Charges & Obligations,"28,832","38,411","36,224","38,250",,,,
People Operations,Office of Labor Relations,Labor Relations,Equipment,#Missing,"1,605",#Missing,#Missing,,,,
People Operations,Registry Division,Administration,Personnel Services,"331,367","331,409","360,270","391,014",,,,
People Operations,Registry Division,Administration,Contractual Services,"11,421","9,315","8,940","13,053",,,,
People Operations,Registry Division,Administration,Supplies & Materials,"12,906","13,520","22,650","30,576",,,,
People Operations,Registry Division,Administration,Current Charges & Obligations,150,377,150,150,,,,
People Operations,Registry Division,Vital Statistics,Personnel Services,"530,096","545,849","563,231","545,728",,,,
People Operations,Registry Division,Vital Statistics,Contractual Services,"27,636","13,237","33,320","30,960",,,,
People Operations,Registry Division,Vital Statistics,Supplies & Materials,"24,151","23,946","14,750","14,750",,,,
People Operations,Registry Division,Vital Statistics,Current Charges & Obligations,227,#Missing,280,280,,,,
People Operations,Registry Division,Vital Statistics,Equipment,"20,635","3,270",#Missing,#Missing,,,,
People Operations,Registry Division,Depositions,Personnel Services,"118,685","142,609","148,109","153,821",,,,
People Operations,Registry Division,Depositions,Contractual Services,#Missing,-7,#Missing,#Missing,,,,
People Operations,Registry Division,Depositions,Supplies & Materials,250,250,250,250,,,,
People Operations,Registry Division,Depositions,Current Charges & Obligations,598,598,600,600,,,,
People Operations,Unemployment Compensation,Unemployment Compensation,Tot Unemployment Compensation,"634,863","528,212","350,000","350,000",,,,
People Operations,Workers' Compensation Fund,Workers' Compensation Fund,Personnel Services,"4,632","1,831,834",#Missing,#Missing,,,,
People Operations,Workers' Compensation Fund,Workers' Compensation Fund,Supplies & Materials,#Missing,275,#Missing,#Missing,,,,
People Operations,Workers' Compensation Fund,Workers' Compensation Fund,Other Expenses,"1,762,683","7,665","2,000,000","2,000,000",,,,
Human Services,Office of Human Services,Human Services Office,Personnel Services,#Missing,"699,808","624,665","869,146",,,,
Human Services,Office of Human Services,Human Services Office,Contractual Services,#Missing,"1,059,931","3,585,000","2,231,980",,,,
Human Services,Office of Human Services,Human Services Office,Supplies & Materials,#Missing,839,"7,000","7,750",,,,
Human Services,Office of Human Services,Mayor's Office of Food Access,Personnel Services,#Missing,"275,896","339,735",#Missing,,,,
Human Services,Office of Human Services,Mayor's Office of Food Access,Contractual Services,#Missing,"395,319","763,000",0,,,,
Human Services,Office of Human Services,Mayor's Office of Food Access,Supplies & Materials,#Missing,"2,925","2,000",0,,,,
Human Services,Office of Human Services,Mayor's Office of Food Access,Current Charges & Obligations,#Missing,#Missing,150,0,,,,
Human Services,Office of Human Services,Mayor's Office of Food Access,Equipment,#Missing,765,#Missing,#Missing,,,,
Human Services,Office of Human Services,Mayor's Office of Public Safety,Personnel Services,#Missing,#Missing,"440,816","713,326",,,,
Human Services,Office of Human Services,Mayor's Office of Public Safety,Contractual Services,#Missing,#Missing,"128,918","1,960,918",,,,
Human Services,Office of Human Services,Mayor's Office of Public Safety,Supplies & Materials,#Missing,#Missing,"3,000","3,000",,,,
Human Services,Boston Center for Youth & Families,Administration & Policy,Personnel Services,"13,596,951","12,492,577","12,363,590","12,086,645",,,,
Human Services,Boston Center for Youth & Families,Administration & Policy,Contractual Services,"3,196,584","3,167,630","2,999,628","3,119,077",,,,
Human Services,Boston Center for Youth & Families,Administration & Policy,Supplies & Materials,"433,623","263,323","394,148","358,698",,,,
Human Services,Boston Center for Youth & Families,Administration & Policy,Current Charges & Obligations,"122,093","128,045","282,312","282,892",,,,
Human Services,Boston Center for Youth & Families,Administration & Policy,Equipment,"163,645","98,366","268,126","317,617",,,,
Human Services,Boston Center for Youth & Families,Sports & Fitness,Personnel Services,"4,167,296","4,416,704","4,950,962","5,107,019",,,,
Human Services,Boston Center for Youth & Families,Sports & Fitness,Contractual Services,564,357,"500,000","500,500",,,,
Human Services,Boston Center for Youth & Families,Youth & Family Services,Personnel Services,"3,996,411","4,233,249","4,843,192","4,905,261",,,,
Human Services,Boston Center for Youth & Families,Youth & Family Services,Contractual Services,"215,784","41,814","301,000","301,000",,,,
Human Services,Boston Center for Youth & Families,Youth & Family Services,Supplies & Materials,"14,217",#Missing,#Missing,"7,500",,,,
Human Services,Boston Center for Youth & Families,Youth & Family Services,Current Charges & Obligations,"40,924","48,102","50,000","50,000",,,,
Human Services,Boston Center for Youth & Families,Youth & Family Services,Equipment,"50,265","7,275","20,418","28,686",,,,
Human Services,Boston Center for Youth & Families,Child Care & Out-of-School,Personnel Services,"1,271,585","1,154,871","1,545,164","1,538,398",,,,
Human Services,Boston Center for Youth & Families,Child Care & Out-of-School,Contractual Services,"1,268,295","851,471","1,179,500","1,179,500",,,,
Human Services,Boston Center for Youth & Families,Child Care & Out-of-School,Supplies & Materials,"7,229","1,075","12,600","9,600",,,,
Human Services,Boston Center for Youth & Families,Child Care & Out-of-School,Current Charges & Obligations,#Missing,#Missing,"2,500","2,500",,,,
Human Services,Age Strong,Age Strong Administration,Personnel Services,"968,389","762,883","1,070,654","1,112,047",,,,
Human Services,Age Strong,Age Strong Administration,Contractual Services,"167,906","311,470","56,660","257,175",,,,
Human Services,Age Strong,Age Strong Administration,Supplies & Materials,"12,991","8,710","13,950","8,850",,,,
Human Services,Age Strong,Age Strong Administration,Current Charges & Obligations,"33,094","50,786","9,680","25,610",,,,
Human Services,Age Strong,Age Strong Operations,Personnel Services,"518,568","499,873","755,168","741,112",,,,
Human Services,Age Strong,Age Strong Operations,Contractual Services,"398,915","302,538","958,270","510,350",,,,
Human Services,Age Strong,Age Strong Operations,Supplies & Materials,"113,670","5,455","230,630","229,445",,,,
Human Services,Age Strong,Age Strong Operations,Current Charges & Obligations,"2,700",250,"47,700","50,000",,,,
Human Services,Age Strong,Age Strong Transportation,Personnel Services,"1,291,342","1,264,268","1,408,942","1,418,827",,,,
Human Services,Age Strong,Age Strong Transportation,Contractual Services,"67,755","66,757","78,800","69,000",,,,
Human Services,Age Strong,Age Strong Transportation,Supplies & Materials,"54,094","50,541","60,140","77,941",,,,
Human Services,Age Strong,Age Strong Transportation,Current Charges & Obligations,"15,512","7,215",#Missing,"12,500",,,,
Human Services,Age Strong,Age Strong Transportation,Equipment,#Missing,"150,248",#Missing,"34,832",,,,
Human Services,Age Strong,Program & Partnerships,Personnel Services,"229,408","267,282","268,598","485,097",,,,
Human Services,Age Strong,Program & Partnerships,Contractual Services,416,"135,177","300,000","968,000",,,,
Human Services,Age Strong,Program & Partnerships,Supplies & Materials,250,500,"1,330","1,330",,,,
Human Services,Library Department,Library Administration,Personnel Services,"8,674,831","9,186,158","9,178,378","9,519,331",,,,
Human Services,Library Department,Library Administration,Contractual Services,"7,847,652","8,464,777","9,014,574","9,188,482",,,,
Human Services,Library Department,Library Administration,Supplies & Materials,"4,059,432","4,191,014","3,325,008","3,914,686",,,,
Human Services,Library Department,Library Administration,Current Charges & Obligations,"358,340","286,819","590,404","614,872",,,,
Human Services,Library Department,Library Administration,Equipment,"339,626","354,528","435,076","390,254",,,,
Human Services,Library Department,Library Administration,Other Expenses,"26,122","35,000","35,000","35,000",,,,
Human Services,Library Department,Community Library Services,Personnel Services,"15,860,857","15,612,791","17,451,514","17,793,336",,,,
Human Services,Library Department,Community Library Services,Contractual Services,"135,342","18,421","380,000","100,000",,,,
Human Services,Library Department,Community Library Services,Current Charges & Obligations,"18,613","15,573","21,000","21,000",,,,
Human Services,Library Department,Research Services,Personnel Services,"1,794,676","1,674,383","1,811,903","1,697,285",,,,
Human Services,Library Department,Research Services,Contractual Services,"4,137","1,860",#Missing,#Missing,,,,
Human Services,Boston VETS,Veterans' Services,Personnel Services,"931,839","911,831","1,022,491","1,108,416",,,,
Human Services,Boston VETS,Veterans' Services,Contractual Services,"98,821","87,376","195,202","185,202",,,,
Human Services,Boston VETS,Veterans' Services,Supplies & Materials,"59,269","44,362","71,550","71,550",,,,
Human Services,Boston VETS,Veterans' Services,Current Charges & Obligations,"1,810,387","1,564,411","3,331,601","3,331,601",,,,
Human Services,Boston VETS,Veterans' Services,Equipment,440,#Missing,#Missing,#Missing,,,,
Human Services,Youth Engagement & Employment,Youth Engagement & Employment Program,Personnel Services,"6,439,695","6,254,011","10,901,145","10,623,481",,,,
Human Services,Youth Engagement & Employment,Youth Engagement & Employment Program,Contractual Services,"61,837","286,539","140,811","6,399,453",,,,
Human Services,Youth Engagement & Employment,Youth Engagement & Employment Program,Supplies & Materials,"41,915","35,445","68,500","68,500",,,,
Human Services,Youth Engagement & Employment,Youth Engagement & Employment Program,Current Charges & Obligations,"58,725","8,905","797,996","56,496",,,,
Human Services,Youth Engagement & Employment,Youth Engagement & Employment Program,Equipment,"33,361","12,222","4,500","4,500",,,,
Human Services,Youth Engagement & Employment,Youth Engagement & Employment Program,Other Expenses,"562,500","562,500","562,500","562,500",,,,
Public Health,Public Health Commission,Public Health Commission,Personnel Services,#Missing,#Missing,#Missing,0,,,,
Public Health,Public Health Commission,Public Health Commission,Contractual Services,#Missing,#Missing,#Missing,0,,,,
Public Health,Public Health Commission,Public Health Commission,Other Expenses,"93,405,427","106,473,529","110,850,881","117,884,077",,,,
Housing,Mayor's Office of Housing,Mayor's Office of Housing Administration,Personnel Services,"1,382,499","1,550,222","1,499,892","1,710,036",,,,
Housing,Mayor's Office of Housing,Mayor's Office of Housing Administration,Contractual Services,"221,789","396,215","201,507","760,360",,,,
Housing,Mayor's Office of Housing,Mayor's Office of Housing Administration,Supplies & Materials,"21,957","14,842","27,999","22,000",,,,
Housing,Mayor's Office of Housing,Mayor's Office of Housing Administration,Current Charges & Obligations,"57,800","67,245","99,426","92,938",,,,
Housing,Mayor's Office of Housing,Mayor's Office of Housing Administration,Equipment,"6,735","6,470","22,986","22,986",,,,
Housing,Mayor's Office of Housing,Real Estate Management & Sales,Personnel Services,"1,076,885","881,977","869,606","978,132",,,,
Housing,Mayor's Office of Housing,Real Estate Management & Sales,Contractual Services,"951,644","1,075,305","2,293,700","2,093,700",,,,
Housing,Mayor's Office of Housing,Real Estate Management & Sales,Supplies & Materials,"1,918","1,750","6,750","6,750",,,,
Housing,Mayor's Office of Housing,Real Estate Management & Sales,Current Charges & Obligations,"10,325","13,770","31,650","31,650",,,,
Housing,Mayor's Office of Housing,Housing Development & Services,Personnel Services,"1,355,720","1,717,317","1,863,553","2,859,648",,,,
Housing,Mayor's Office of Housing,Housing Development & Services,Contractual Services,"483,990","462,141","2,988,500","488,500",,,,
Housing,Mayor's Office of Housing,Housing Development & Services,Supplies & Materials,"2,625","3,370","3,750","3,750",,,,
Housing,Mayor's Office of Housing,Housing Development & Services,Current Charges & Obligations,24,#Missing,#Missing,#Missing,,,,
Housing,Mayor's Office of Housing,Housing Development & Services,Other Expenses,"14,890,452","22,863,343","25,463,343","35,213,343",,,,
Information & Technology,Department of Innovation and Technology,DoIT Operations,Personnel Services,"1,704,482","1,630,258","1,935,665","1,828,289",,,,
Information & Technology,Department of Innovation and Technology,DoIT Operations,Contractual Services,"2,439,812","4,680,716","925,052","640,971",,,,
Information & Technology,Department of Innovation and Technology,DoIT Operations,Supplies & Materials,"14,423","222,944","12,200","12,450",,,,
Information & Technology,Department of Innovation and Technology,DoIT Operations,Current Charges & Obligations,"511,513","1,301,986","2,065,462","188,688",,,,
Information & Technology,Department of Innovation and Technology,DoIT Operations,Equipment,"222,304","938,113","834,117","765,643",,,,
Information & Technology,Department of Innovation and Technology,Enterprise Applications,Personnel Services,"5,565,643","5,582,106","5,692,300","5,644,577",,,,
Information & Technology,Department of Innovation and Technology,Enterprise Applications,Contractual Services,"4,229,818","2,020,284","925,600","100,000",,,,
Information & Technology,Department of Innovation and Technology,Enterprise Applications,Current Charges & Obligations,"8,811,853","6,428,644","6,544,874","8,729,944",,,,
Information & Technology,Department of Innovation and Technology,Digital Engagement & Services,Personnel Services,"870,295","783,328","855,702","1,041,450",,,,
Information & Technology,Department of Innovation and Technology,Digital Engagement & Services,Contractual Services,"352,957",145,"180,257","362,000",,,,
Information & Technology,Department of Innovation and Technology,Digital Engagement & Services,Current Charges & Obligations,"256,849","844,821","724,556","854,680",,,,
Information & Technology,Department of Innovation and Technology,Digital Engagement & Services,Equipment,#Missing,#Missing,"5,000","5,000",,,,
Information & Technology,Department of Innovation and Technology,Core Infrastructure,Personnel Services,"4,408,506","4,528,658","4,148,983","4,415,540",,,,
Information & Technology,Department of Innovation and Technology,Core Infrastructure,Contractual Services,"3,790,502","2,675,862","3,237,438","4,250,394",,,,
Information & Technology,Department of Innovation and Technology,Core Infrastructure,Supplies & Materials,"36,624","22,893","29,250","30,250",,,,
Information & Technology,Department of Innovation and Technology,Core Infrastructure,Current Charges & Obligations,"6,233,900","7,947,246","8,215,933","10,431,137",,,,
Information & Technology,Department of Innovation and Technology,Core Infrastructure,Equipment,"985,239","78,389","81,797","242,762",,,,
Information & Technology,Department of Innovation and Technology,Data & Analytics,Personnel Services,"662,572","594,283","919,588","1,058,891",,,,
Information & Technology,Department of Innovation and Technology,Data & Analytics,Contractual Services,"1,011,262","55,012","34,775","100,000",,,,
Information & Technology,Department of Innovation and Technology,Data & Analytics,Current Charges & Obligations,"512,116","504,047","1,096,147","513,113",,,,
Information & Technology,Department of Innovation and Technology,Broadband & Digital Equity,Personnel Services,"446,119","383,818","480,404","537,119",,,,
Information & Technology,Department of Innovation and Technology,Broadband & Digital Equity,Contractual Services,279,-70,"1,300,000","191,500",,,,
Information & Technology,Department of Innovation and Technology,Broadband & Digital Equity,Supplies & Materials,250,250,250,250,,,,
Public Safety,Emergency Management,Homeland Security,Personnel Services,"271,167","330,906","441,882","551,201",,,,
Public Safety,Emergency Management,Homeland Security,Contractual Services,"173,816","294,800","310,508","343,508",,,,
Public Safety,Emergency Management,Homeland Security,Supplies & Materials,"4,944","2,796","6,000","6,000",,,,
Public Safety,Emergency Management,Homeland Security,Current Charges & Obligations,"353,600","366,090","375,600","386,857",,,,
Public Safety,Emergency Management,Homeland Security,Equipment,"2,631","11,914",#Missing,#Missing,,,,
Public Safety,Fire Department,BFD Administration,Personnel Services,"13,043,652","12,592,230","14,575,634","16,664,714",,,,
Public Safety,Fire Department,BFD Administration,Contractual Services,"2,683,371","2,776,881","2,880,554","3,019,667",,,,
Public Safety,Fire Department,BFD Administration,Supplies & Materials,"124,765","88,805","212,034","211,825",,,,
Public Safety,Fire Department,BFD Administration,Current Charges & Obligations,"4,818,336","3,753,365","3,941,716","3,942,579",,,,
Public Safety,Fire Department,BFD Administration,Equipment,#Missing,#Missing,#Missing,0,,,,
Public Safety,Fire Department,Boston Fire Suppression,Personnel Services,"201,001,394","199,783,710","203,184,251","202,171,628",,,,
Public Safety,Fire Department,Boston Fire Suppression,Contractual Services,"1,050,013","1,135,817","1,170,560","1,170,560",,,,
Public Safety,Fire Department,Boston Fire Suppression,Supplies & Materials,"2,967,230","2,475,576","2,710,331","3,132,139",,,,
Public Safety,Fire Department,Boston Fire Suppression,Current Charges & Obligations,"40,848","6,170","51,132","51,132",,,,
Public Safety,Fire Department,Boston Fire Suppression,Equipment,"3,534,896","3,830,745","2,271,454","2,022,385",,,,
Public Safety,Fire Department,Fire Alarm,Personnel Services,"8,415,281","7,907,474","9,574,336","9,434,858",,,,
Public Safety,Fire Department,Fire Alarm,Contractual Services,"1,222,933","1,289,517","1,345,180","1,360,120",,,,
Public Safety,Fire Department,Fire Alarm,Supplies & Materials,"187,807","100,191","168,179","147,679",,,,
Public Safety,Fire Department,Fire Alarm,Current Charges & Obligations,"174,688","306,248","257,998","257,998",,,,
Public Safety,Fire Department,Fire Alarm,Equipment,"429,944","582,064","1,067,039","914,870",,,,
Public Safety,Fire Department,BFD Training,Personnel Services,"4,532,788","4,302,070","4,682,694","5,585,079",,,,
Public Safety,Fire Department,BFD Training,Contractual Services,"343,838","88,743","120,850","100,800",,,,
Public Safety,Fire Department,BFD Training,Supplies & Materials,"90,199","74,462","129,965","129,965",,,,
Public Safety,Fire Department,BFD Training,Current Charges & Obligations,"2,991","2,230","16,130","16,130",,,,
Public Safety,Fire Department,BFD Training,Equipment,"34,871","23,517","84,100","41,100",,,,
Public Safety,Fire Department,BFD Maintenance,Personnel Services,"3,559,223","3,544,003","3,828,162","3,955,169",,,,
Public Safety,Fire Department,BFD Maintenance,Contractual Services,"4,018,591","4,104,454","4,108,737","3,708,737",,,,
Public Safety,Fire Department,BFD Maintenance,Supplies & Materials,"2,404,098","2,784,897","2,465,875","2,465,875",,,,
Public Safety,Fire Department,BFD Maintenance,Current Charges & Obligations,"46,947","53,467","58,753","718,753",,,,
Public Safety,Fire Department,BFD Maintenance,Equipment,"7,841,737","2,751,600","1,399,260","616,939",,,,
Public Safety,Fire Department,BFD Maintenance,Other Expenses,"17,449","29,997","20,000","20,000",,,,
Public Safety,Fire Department,BFD Fire Prevention,Personnel Services,"13,317,105","13,496,707","14,217,416","13,818,274",,,,
Public Safety,Fire Department,BFD Fire Prevention,Contractual Services,"50,856","53,341","126,981","126,981",,,,
Public Safety,Fire Department,BFD Fire Prevention,Supplies & Materials,"102,578","79,183","141,450","141,450",,,,
Public Safety,Fire Department,BFD Fire Prevention,Current Charges & Obligations,"120,444","145,319","164,887","132,819",,,,
Public Safety,Fire Department,BFD Fire Prevention,Equipment,533,"15,720","1,800","1,800",,,,
Public Safety,Fire Department,"Firefighter Safety, Health and Wellness",Personnel Services,"676,914","710,661","715,448","720,364",,,,
Public Safety,Fire Department,"Firefighter Safety, Health and Wellness",Contractual Services,"131,732","61,236","77,000","77,000",,,,
Public Safety,Fire Department,"Firefighter Safety, Health and Wellness",Supplies & Materials,"21,178","2,336","22,200","22,200",,,,
Public Safety,Fire Department,"Firefighter Safety, Health and Wellness",Current Charges & Obligations,#Missing,#Missing,"1,000","1,000",,,,
Public Safety,Fire Department,"Firefighter Safety, Health and Wellness",Equipment,"3,798","7,190","15,000",0,,,,
Public Safety,Police Department,Police Commissioner's Office,Personnel Services,"9,129,493","15,107,448","13,188,722","12,533,766",,,,
Public Safety,Police Department,Police Commissioner's Office,Contractual Services,"602,687","625,980","688,984","714,584",,,,
Public Safety,Police Department,Police Commissioner's Office,Supplies & Materials,"86,321","111,188","51,400","50,900",,,,
Public Safety,Police Department,Police Commissioner's Office,Current Charges & Obligations,"35,188","32,052","31,255","35,123",,,,
Public Safety,Police Department,Police Commissioner's Office,Equipment,"4,902","6,282","25,885","25,885",,,,
Public Safety,Police Department,Bureau of Community Engagement,Personnel Services,"4,224,644","4,061,873","4,117,094","4,122,892",,,,
Public Safety,Police Department,Bureau of Community Engagement,Contractual Services,#Missing,640,"80,525","110,000",,,,
Public Safety,Police Department,Bureau of Community Engagement,Supplies & Materials,"23,385","22,675","15,000","20,000",,,,
Public Safety,Police Department,Bureau of Community Engagement,Current Charges & Obligations,120,120,"2,000","7,500",,,,
Public Safety,Police Department,Bureau of Community Engagement,Equipment,#Missing,#Missing,"6,500","12,500",,,,
Public Safety,Police Department,BAT-Operations,Personnel Services,"290,489","6,457,190","7,023,854","6,914,533",,,,
Public Safety,Police Department,BAT-Operations,Contractual Services,"4,168,120","3,758,262","3,518,255","3,914,902",,,,
Public Safety,Police Department,BAT-Operations,Supplies & Materials,"3,734,831","3,220,538","3,795,006","4,426,341",,,,
Public Safety,Police Department,BAT-Operations,Current Charges & Obligations,"316,420","296,962","571,660","580,160",,,,
Public Safety,Police Department,BAT-Operations,Equipment,"4,314,193","7,926,530","4,368,169","4,221,829",,,,
Public Safety,Police Department,BAT-Admin & Technology,Personnel Services,"55,191,808","58,557,011","59,641,767","56,289,125",,,,
Public Safety,Police Department,BAT-Admin & Technology,Contractual Services,"14,804,270","15,371,484","15,612,403","18,828,995",,,,
Public Safety,Police Department,BAT-Admin & Technology,Supplies & Materials,"1,371,803","1,001,241","703,085","819,683",,,,
Public Safety,Police Department,BAT-Admin & Technology,Current Charges & Obligations,"4,813,727","7,111,876","4,500,855","4,654,836",,,,
Public Safety,Police Department,BAT-Admin & Technology,Equipment,"1,117,148","2,222,092","1,078,209","1,487,400",,,,
Public Safety,Police Department,Bureau of Professional Development,Personnel Services,"19,419,080","6,065,867","5,340,111","5,390,288",,,,
Public Safety,Police Department,Bureau of Professional Development,Contractual Services,"174,599","89,084","200,956","236,546",,,,
Public Safety,Police Department,Bureau of Professional Development,Supplies & Materials,"617,273","323,967","263,164","582,626",,,,
Public Safety,Police Department,Bureau of Professional Development,Current Charges & Obligations,"41,818","29,728","9,950","9,950",,,,
Public Safety,Police Department,Bureau of Professional Development,Equipment,"40,958","12,742","29,100","29,100",,,,
Public Safety,Police Department,Bureau of Field Services,Personnel Services,"199,827,050","195,968,566","189,784,872","187,010,013",,,,
Public Safety,Police Department,Bureau of Field Services,Contractual Services,"469,971","497,872","286,471","290,481",,,,
Public Safety,Police Department,Bureau of Field Services,Supplies & Materials,"1,753,093","1,540,739","2,360,640","2,399,975",,,,
Public Safety,Police Department,Bureau of Field Services,Current Charges & Obligations,"2,463","2,292","2,200","52,600",,,,
Public Safety,Police Department,Bureau of Field Services,Equipment,"112,309","201,991","171,175","239,072",,,,
Public Safety,Police Department,Bureau of Professional Standards,Personnel Services,"6,178,037","5,425,993","4,606,907","4,258,615",,,,
Public Safety,Police Department,Bureau of Professional Standards,Contractual Services,"62,656","85,529","63,843","130,118",,,,
Public Safety,Police Department,Bureau of Professional Standards,Supplies & Materials,"24,933","20,867",#Missing,#Missing,,,,
Public Safety,Police Department,Bureau of Professional Standards,Current Charges & Obligations,"60,082","50,722","40,730","40,730",,,,
Public Safety,Police Department,Bureau of Professional Standards,Equipment,186,380,"5,000","5,000",,,,
Public Safety,Police Department,Bureau of Investigative Services,Personnel Services,"85,351,784","80,589,543","72,608,629","69,713,701",,,,
Public Safety,Police Department,Bureau of Investigative Services,Contractual Services,"374,691","450,260","503,809","628,241",,,,
Public Safety,Police Department,Bureau of Investigative Services,Supplies & Materials,"804,242","618,142","472,826","493,304",,,,
Public Safety,Police Department,Bureau of Investigative Services,Current Charges & Obligations,"180,649","346,336","122,485","148,969",,,,
Public Safety,Police Department,Bureau of Investigative Services,Equipment,"521,306","144,870","188,633","83,090",,,,
Public Safety,Police Department,Special Operations,Total Overtime,#Missing,#Missing,"589,090",#Missing,,,,
Public Safety,Police Department,Bureau of Intelligence & Analysis,Personnel Services,"5,284,611","4,542,834","3,634,970","3,581,423",,,,
Public Safety,Police Department,Bureau of Intelligence & Analysis,Contractual Services,557,-18,#Missing,#Missing,,,,
Public Safety,Police Department,Bureau of Intelligence & Analysis,Supplies & Materials,"21,317","17,750",#Missing,#Missing,,,,
Streets,Central Fleet Management,Fleet Services,Personnel Services,"2,295,163","2,463,204","2,364,889","2,395,145",,,,
Streets,Central Fleet Management,Fleet Services,Contractual Services,"376,472","158,137","502,796","452,796",,,,
Streets,Central Fleet Management,Fleet Services,Supplies & Materials,"501,650","475,685","110,465","104,585",,,,
Streets,Central Fleet Management,Fleet Services,Current Charges & Obligations,"8,583","105,353","6,350","6,350",,,,
Streets,Central Fleet Management,Fleet Services,Equipment,"328,128","244,165","295,715","364,203",,,,
Streets,Office of Streets,Admin & Finance,Personnel Services,"1,988,514","1,920,900","2,297,448","2,563,619",,,,
Streets,Office of Streets,Admin & Finance,Contractual Services,"37,235",396,"24,050","24,050",,,,
Streets,Office of Streets,Admin & Finance,Supplies & Materials,"1,750","1,500","6,400","6,650",,,,
Streets,Office of Streets,Admin & Finance,Current Charges & Obligations,"9,950","1,576","6,610","6,600",,,,
Streets,Office of Streets,Admin & Finance,Equipment,"2,853","2,385","1,044",172,,,,
Streets,Public Works Department,PWD Commissioner's Office,Personnel Services,"1,237,729","1,178,034","1,285,605","1,282,786",,,,
Streets,Public Works Department,PWD Commissioner's Office,Contractual Services,"322,432","314,623","294,500","298,500",,,,
Streets,Public Works Department,PWD Commissioner's Office,Supplies & Materials,"153,746","42,307","115,600","119,558",,,,
Streets,Public Works Department,PWD Commissioner's Office,Current Charges & Obligations,"389,211","543,363","567,000","532,500",,,,
Streets,Public Works Department,PWD Commissioner's Office,Equipment,"7,255","5,729","2,101",#Missing,,,,
Streets,Public Works Department,Building/Facility Maintenance,Personnel Services,"738,771","778,922","797,751","849,731",,,,
Streets,Public Works Department,Building/Facility Maintenance,Contractual Services,"1,856,004","1,521,429","1,825,147","2,088,614",,,,
Streets,Public Works Department,Building/Facility Maintenance,Supplies & Materials,"78,328","67,358","68,913","72,612",,,,
Streets,Public Works Department,Building/Facility Maintenance,Current Charges & Obligations,"2,493","2,598","3,670","3,670",,,,
Streets,Public Works Department,Building/Facility Maintenance,Equipment,"39,591","52,060","116,651","139,738",,,,
Streets,Public Works Department,Engineering,Personnel Services,"1,563,990","1,571,890","1,952,240","2,142,934",,,,
Streets,Public Works Department,Engineering,Contractual Services,"79,662","78,362","87,695","94,795",,,,
Streets,Public Works Department,Engineering,Supplies & Materials,"15,372","16,161","23,337","23,661",,,,
Streets,Public Works Department,Engineering,Current Charges & Obligations,"21,123","28,473","13,120","29,550",,,,
Streets,Public Works Department,Engineering,Equipment,"32,432","32,245","49,668","49,989",,,,
Streets,Public Works Department,Construction Management,Personnel Services,"2,288,720","2,084,686","3,127,891","3,100,902",,,,
Streets,Public Works Department,Construction Management,Contractual Services,"247,300","193,588","156,250","203,250",,,,
Streets,Public Works Department,Construction Management,Supplies & Materials,"22,528","34,781","42,017","43,958",,,,
Streets,Public Works Department,Construction Management,Current Charges & Obligations,"4,908","7,054","7,080","9,800",,,,
Streets,Public Works Department,Construction Management,Equipment,"68,986","68,986","77,882","43,234",,,,
Streets,Public Works Department,Highway Field Operations,Personnel Services,"9,275,865","9,353,442","10,646,014","10,923,055",,,,
Streets,Public Works Department,Highway Field Operations,Contractual Services,"6,829,160","6,103,254","7,161,151","7,046,599",,,,
Streets,Public Works Department,Highway Field Operations,Supplies & Materials,"975,884","830,780","1,028,320","1,254,842",,,,
Streets,Public Works Department,Highway Field Operations,Current Charges & Obligations,"36,200","12,757","5,500","35,000",,,,
Streets,Public Works Department,Highway Field Operations,Equipment,"1,968,096","1,463,637","1,793,272","1,933,456",,,,
Streets,Public Works Department,Bridge Operations/Maintenance,Personnel Services,"1,081,981","1,099,802","1,127,816","1,117,324",,,,
Streets,Public Works Department,Bridge Operations/Maintenance,Contractual Services,"871,188","832,115","691,663","831,900",,,,
Streets,Public Works Department,Bridge Operations/Maintenance,Supplies & Materials,"3,977","4,103","26,685","26,849",,,,
Streets,Public Works Department,Bridge Operations/Maintenance,Current Charges & Obligations,515,466,780,800,,,,
Streets,Public Works Department,Bridge Operations/Maintenance,Equipment,"12,722","6,361",#Missing,#Missing,,,,
Streets,Public Works Department,Street Lights,Personnel Services,"2,764,296","2,806,076","3,387,466","3,361,145",,,,
Streets,Public Works Department,Street Lights,Contractual Services,"5,794,237","5,536,211","6,204,212","6,679,422",,,,
Streets,Public Works Department,Street Lights,Supplies & Materials,"76,286","114,079","90,009","110,936",,,,
Streets,Public Works Department,Street Lights,Current Charges & Obligations,"1,834","5,404","20,500","13,000",,,,
Streets,Public Works Department,Street Lights,Equipment,"345,203","205,061","310,173","547,533",,,,
Streets,Public Works Department,Street Lights,Other Expenses,"281,517","388,607","600,000","600,000",,,,
Streets,Public Works Department,Waste Reduction,Personnel Services,"2,411,699","2,400,601","2,552,909","2,987,814",,,,
Streets,Public Works Department,Waste Reduction,Contractual Services,"52,767,912","53,818,890","55,474,913","56,653,684",,,,
Streets,Public Works Department,Waste Reduction,Supplies & Materials,"489,981","520,842","558,526","506,123",,,,
Streets,Public Works Department,Waste Reduction,Current Charges & Obligations,"6,615","14,937","3,000","4,330",,,,
Streets,Public Works Department,Waste Reduction,Equipment,"18,135","12,559","120,937","191,955",,,,
Streets,Snow & Winter Management,Snow & Winter Mgmt,Contractual Services,"22,277,848","18,487,266","21,336,401","22,640,141",,,,
Streets,Snow & Winter Management,Snow & Winter Mgmt,Supplies & Materials,"43,783","44,579","57,500","57,500",,,,
Streets,Snow & Winter Management,Snow & Winter Mgmt,Current Charges & Obligations,204,#Missing,#Missing,#Missing,,,,
Streets,Snow & Winter Management,Snow & Winter Mgmt,Equipment,"256,222","170,607","314,265","833,173",,,,
Other,Pensions,Pensions,Other Expenses,"280,602,756","292,088,778","323,684,235","353,855,931",,Other,Annual Audit Costs,Annual Audit Costs
Other,Debt Service,Debt Service,Other Expenses,"638,000",#Missing,"2,092,545","1,454,545",,Other,Charter School Tuition,Charter School Tuition
Other,Debt Service,Debt Service,Fixed Expenses,"177,345,967","172,304,217","201,593,382","217,543,445",,Other,Debt Service,Debt Service
Other,Charter School Tuition,Charter School Tuition,Other Expenses,"199,702,437","217,698,388","251,621,487","264,549,478",,Other,Debt Service,Debt Service
Other,MBTA,MBTA,Other Expenses,"90,665,329","93,345,107","94,117,010","93,613,189",,Other,Housing Trust Fund,Housing Trust Fund
Other,Other State Assessments,Other State Assessments,Other Expenses,"5,526,144","5,331,228","5,509,557","5,555,209",,Other,MBTA,MBTA
Other,Suffolk County Sheriff Dept,Suffolk County Sheriff Dept,Other Expenses,"3,845,609","3,845,609","2,898,233","2,898,233",,Other,OPEB,OPEB
Other,Reserve,Reserve,Other Expenses,#Missing,#Missing,"1,131,683","100,000",,Other,Other State Assessments,Other State Assessments
Other,Annual Audit Costs,Annual Audit Costs,Other Expenses,"1,310,973","142,850","750,000","750,000",,Other,Reserve,Reserve
Other,Housing Trust Fund,Housing Trust Fund,Other Expenses,"601,009","576,196","618,000","618,000",,Other,Reserve for Collective Bargaining City,Reserve for Collective Bargaining City
Other,Reserve for Collective Bargaining City,Reserve for Collective Bargaining City,Personnel Services,"2,200,000","14,000,000","4,805,886","75,393,154",,Other,Risk Retention Reserve,Risk Retention Reserve
Other,OPEB,OPEB,Other Expenses,"40,000,000","40,000,000","40,000,000","40,000,000",,Other,Suffolk County Sheriff Dept,Suffolk County Sheriff Dept
Other,Risk Retention Reserve,Risk Retention Reserve,Other Expenses,"3,000,000","2,500,000","2,500,000","2,500,000",,Other,Tax Title,Tax Title
Other,Tax Title,Tax Title,Other Expenses,#Missing,#Missing,"600,000","600,000",,,,
Streets,Transportation Department,Traffic Commissioner's Office,Personnel Services,"968,261","862,629","894,805","1,028,543",,,,
Streets,Transportation Department,Traffic Management & Engineering,Personnel Services,"2,310,215","2,124,967","2,269,002","2,387,924",,,,
Streets,Transportation Department,Policy & Planning,Personnel Services,"1,384,092","1,654,417","1,975,692","2,721,211",,,,
Streets,Transportation Department,Traffic Enforcement,Personnel Services,"13,971,693","13,671,294","14,919,458","14,755,194",,,,
Streets,Transportation Department,Traffic Operations,Personnel Services,"3,939,635","4,023,480","4,287,331","4,222,488",,,,
Streets,Transportation Department,Traffic Commissioner's Office,Contractual Services,"166,991","133,069","103,300","1,112,750",,,,
Streets,Transportation Department,Traffic Management & Engineering,Contractual Services,"1,747,491","313,427","284,975","294,975",,,,
Streets,Transportation Department,Policy & Planning,Contractual Services,"112,174","666,830","1,757,722","889,850",,,,
Streets,Transportation Department,Traffic Enforcement,Contractual Services,"987,849","557,799","696,970","711,528",,,,
Streets,Transportation Department,Traffic Operations,Contractual Services,"2,375,353","2,495,384","3,357,837","2,768,374",,,,
Streets,Transportation Department,Traffic Commissioner's Office,Supplies & Materials,"34,714","23,481","40,740","35,600",,,,
Streets,Transportation Department,Traffic Management & Engineering,Supplies & Materials,"5,000","4,500","3,750","3,750",,,,
Streets,Transportation Department,Policy & Planning,Supplies & Materials,#Missing,"1,342",#Missing,#Missing,,,,
Streets,Transportation Department,Traffic Enforcement,Supplies & Materials,"337,212","302,472","305,015","366,818",,,,
Streets,Transportation Department,Traffic Operations,Supplies & Materials,"1,146,707","1,271,330","1,075,086","1,150,110",,,,
Streets,Transportation Department,Traffic Commissioner's Office,Current Charges & Obligations,"144,202","100,683","151,015","152,650",,,,
Streets,Transportation Department,Traffic Management & Engineering,Current Charges & Obligations,"24,373","18,624","40,300","40,300",,,,
Streets,Transportation Department,Policy & Planning,Current Charges & Obligations,"14,414","13,214","5,000","5,000",,,,
Streets,Transportation Department,Traffic Enforcement,Current Charges & Obligations,"196,811","127,067","171,300","171,300",,,,
Streets,Transportation Department,Traffic Operations,Current Charges & Obligations,"1,646","5,408","3,705","3,705",,,,
Streets,Transportation Department,Traffic Commissioner's Office,Equipment,#Missing,#Missing,"1,200","1,200",,,,
Streets,Transportation Department,Traffic Management & Engineering,Equipment,"167,788","47,740","50,717","22,820",,,,
Streets,Transportation Department,Traffic Enforcement,Equipment,"611,980","638,053","907,235","866,847",,,,
Streets,Transportation Department,Traffic Operations,Equipment,"287,351","284,990","334,001","431,259",,,,
Streets,Transportation Department,Parking Clerk,Personnel Services,"3,021,207","2,995,050","3,221,076","3,219,209",,,,
Streets,Transportation Department,Parking Clerk,Contractual Services,"4,633,962","4,728,066","4,755,200","4,508,843",,,,
Streets,Transportation Department,Parking Clerk,Supplies & Materials,"280,820","254,602","210,000","214,280",,,,
Streets,Transportation Department,Parking Clerk,Current Charges & Obligations,"2,887","2,366","2,500","2,001",,,,
Streets,Transportation Department,Parking Clerk,Equipment,"1,108","14,054","6,000","6,000",,,,
Non-Mayoral Departments,City Clerk,Legislative Support,Personnel Services,"481,027","362,193","397,519","494,562",,,,
Non-Mayoral Departments,City Clerk,Document Filing,Personnel Services,"324,444","485,279","488,545","508,274",,,,
Non-Mayoral Departments,City Clerk,Archives,Personnel Services,"401,793","410,579","426,663","456,148",,,,
Non-Mayoral Departments,City Clerk,Legislative Support,Contractual Services,"14,766","12,099","16,986","223,482",,,,
Non-Mayoral Departments,City Clerk,Document Filing,Contractual Services,"3,358","6,826","10,213","10,653",,,,
Non-Mayoral Departments,City Clerk,Archives,Contractual Services,"53,084","55,592","67,331","62,274",,,,
Non-Mayoral Departments,City Clerk,Legislative Support,Supplies & Materials,"9,993","5,996","9,699","8,949",,,,
Non-Mayoral Departments,City Clerk,Document Filing,Supplies & Materials,"6,294","10,388","4,300","6,161",,,,
Non-Mayoral Departments,City Clerk,Archives,Supplies & Materials,"5,219",651,"5,498","5,498",,,,
Non-Mayoral Departments,City Clerk,Legislative Support,Current Charges & Obligations,"2,388",#Missing,"4,079",0,,,,
Non-Mayoral Departments,City Clerk,Document Filing,Current Charges & Obligations,37,426,#Missing,426,,,,
Non-Mayoral Departments,City Clerk,Archives,Current Charges & Obligations,"1,145",855,"2,050","2,905",,,,
Non-Mayoral Departments,City Clerk,Document Filing,Equipment,"8,394",#Missing,#Missing,0,,,,
Non-Mayoral Departments,City Clerk,Archives,Equipment,#Missing,"13,936",#Missing,0,,,,
Non-Mayoral Departments,City Council,City Council Administration,Personnel Services,"280,657","384,477","371,045","392,330",,,,
Non-Mayoral Departments,City Council,City Councilors,Personnel Services,"4,477,619","4,412,764","4,899,178","6,173,792",,,,
Non-Mayoral Departments,City Council,Legislative Financial Support,Personnel Services,"551,553","587,979","549,777","548,877",,,,
Non-Mayoral Departments,City Council,City Council Administration,Contractual Services,"29,289","97,576","56,000","56,000",,,,
Non-Mayoral Departments,City Council,City Councilors,Contractual Services,"104,550","31,244","145,600","345,600",,,,
Non-Mayoral Departments,City Council,Legislative Financial Support,Contractual Services,"1,450",-200,"5,500","5,500",,,,
Non-Mayoral Departments,City Council,City Council Administration,Supplies & Materials,"16,845","11,414","39,000","39,000",,,,
Non-Mayoral Departments,City Council,City Councilors,Supplies & Materials,"1,050","1,378",#Missing,#Missing,,,,
Non-Mayoral Departments,City Council,Legislative Financial Support,Supplies & Materials,#Missing,#Missing,500,500,,,,
Non-Mayoral Departments,City Council,City Council Administration,Current Charges & Obligations,#Missing,"2,481","15,100","15,100",,,,
Non-Mayoral Departments,City Council,City Councilors,Current Charges & Obligations,"8,814","5,545","6,000","6,000",,,,
Non-Mayoral Departments,City Council,Legislative Financial Support,Current Charges & Obligations,"6,679","6,914","18,200","18,200",,,,
Non-Mayoral Departments,City Council,City Council Administration,Equipment,#Missing,#Missing,#Missing,"57,500",,,,
Non-Mayoral Departments,City Council,City Councilors,Equipment,"21,808","23,805","20,500","20,500",,,,
Non-Mayoral Departments,City Council,Legislative Financial Support,Equipment,"7,816","23,050","10,000","10,000",,,,
Non-Mayoral Departments,Finance Commission,Finance Commission Program,Personnel Services,"287,327","291,856","296,825","313,391",,,,
Non-Mayoral Departments,Finance Commission,Finance Commission Program,Contractual Services,"2,088","1,608","4,350","4,350",,,,
Non-Mayoral Departments,Finance Commission,Finance Commission Program,Supplies & Materials,63,25,525,525,,,,
Non-Mayoral Departments,Finance Commission,Finance Commission Program,Current Charges & Obligations,35,#Missing,250,250,,,,
Non-Mayoral Departments,Finance Commission,Finance Commission Program,Equipment,#Missing,#Missing,"2,125","2,125",,,,
,,,,,,,,,,,
,,,,,,,,,,,
,,,,,,,,,,,
,,,,,,,,,,,
,,,,,,,,,,,
,,,,,,,,,,,
,,,,,,,,,,,
,,,,,,,,,,,
,,,,,,,,,,,
,,,,,,,,,,,
,,,,,,,,,,,
,,,,,,,,,,,
,,,,,,,,,,,
,,,,,,,,,,,
,,,,,,,,,,,
,,,,,,,,,,,
,,,,,,,,,,,
,,,,,,,,,,,
,,,,,,,,,,,
,,,,,,,,,,,
,,,,,,,,,,,
,,,,,,,,,,,
,,,,,,,,,,,
,,,,,,,,,,,
,,,,,,,,,,,
,,,,,,,,,,,
,,,,,,,,,,,
,,,,,,,,,,,
,,,,,,,,,,,
,,,,,,,,,,,
,,,,,,,,,,,
,,,,,,,,,,,
,,,,,,,,,,,
,,,,,,,,,,,
,,,,,,,,,,,
,,,,,,,,,,,
,,,,,,,,,,,
,,,,,,,,,,,
,,,,,,,,,,,
,,,,,,,,,,,
,,,,,,,,,,,
,,,,,,,,,,,
,,,,,,,,,,,
,,,,,,,,,,,
,,,,,,,,,,,
,,,,,,,,,,,
,,,,,,,,,,,
,,,,,,,,,,,
,,,,,,,,,,,
,,,,,,,,,,,
,,,,,,,,,,,
,,,,,,,,,,,
,,,,,,,,,,,
,,,,,,,,,,,
,,,,,,,,,,,
,,,,,,,,,,,
,,,,,,,,,,,
,,,,,,,,,,,
,,,,,,,,,,,
,,,,,,,,,,,
,,,,,,,,,,,
,,,,,,,,,,,
,,,,,,,,,,,
,,,,,,,,,,,
,,,,,,,,,,,
,,,,,,,,,,,
,,,,,,,,,,,
,,,,,,,,,,,
,,,,,,,,,,,
,,,,,,,,,,,
,,,,,,,,,,,
,,,,,,,,,,,
,,,,,,,,,,,
,,,,,,,,,,,
,,,,,,,,,,,
,,,,,,,,,,,
,,,,,,,,,,,
,,,,,,,,,,,
,,,,,,,,,,,
,,,,,,,,,,,
,,,,,,,,,,,
,,,,,,,,,,,
,,,,,,,,,,,
,,,,,,,,,,,
,,,,,,,,,,,
,,,,,,,,,,,
,,,,,,,,,,,
,,,,,,,,,,,
,,,,,,,,,,,
,,,,,,,,,,,
,,,,,,,,,,,
,,,,,,,,,,,
,,,,,,,,,,,
,,,,,,,,,,,
,,,,,,,,,,,
,,,,,,,,,,,
,,,,,,,,,,,
,,,,,,,,,,,
,,,,,,,,,,,
,,,,,,,,,,,
,,,,,,,,,,,
,,,,,,,,,,,
,,,,,,,,,,,
,,,,,,,,,,,
,,,,,,,,,,,
,,,,,,,,,,,
,,,,,,,,,,,
,,,,,,,,,,,
,,,,,,,,,,,
,,,,,,,,,,,
,,,,,,,,,,,
,,,,,,,,,,,
,,,,,,,,,,,
,,,,,,,,,,,
,,,,,,,,,,,
,,,,,,,,,,,
,,,,,,,,,,,
,,,,,,,,,,,
,,,,,,,,,,,
